Workbook
Name _: #REF!
Name ____TB112: [2]시산표!#REF!
Name ____TB112: #REF!
Name ____TB115: [3]시산표!#REF!
Name ____TB115: #REF!
Name ____TB124: [3]시산표!#REF!
Name ____TB124: #REF!
Name ____TB125: [3]시산표!#REF!
Name ____TB125: #REF!
Name ____TB126: [3]시산표!#REF!
Name ____TB126: #REF!
Name ____TB131: [3]시산표!#REF!
Name ____TB131: #REF!
Name ____TB132: [3]시산표!#REF!
Name ____TB132: #REF!
Name ____TB211: [3]시산표!#REF!
Name ____TB211: #REF!
Name ____TB213: [3]시산표!#REF!
Name ____TB213: #REF!
Name ____TB214: [3]시산표!#REF!
Name ____TB214: #REF!
Name ____TB215: [3]시산표!#REF!
Name ____TB215: #REF!
Name ____TB221: [3]시산표!#REF!
Name ____TB221: #REF!
Name ____TB2210: [2]시산표!#REF!
Name ____TB2210: #REF!
Name ____TB222: [3]시산표!#REF!
Name ____TB222: #REF!
Name ____TB223: [3]시산표!#REF!
Name ____TB223: #REF!
Name ____TB224: [3]시산표!#REF!
Name ____TB224: #REF!
Name ____TB225: [2]시산표!#REF!
Name ____TB225: #REF!
Name ____TB227: [2]시산표!#REF!
Name ____TB227: #REF!
Name ____TB229: [2]시산표!#REF!
Name ____TB229: #REF!
Name ____TB311: [3]시산표!#REF!
Name ____TB311: #REF!
Name ____TB313: [3]시산표!#REF!
Name ____TB313: #REF!
Name ____TB317: [3]시산표!#REF!
Name ____TB317: #REF!
Name ____TB318: [3]시산표!#REF!
Name ____TB318: #REF!
Name ____TB319: [2]시산표!#REF!
Name ____TB319: #REF!
Name ____TB322: [3]시산표!#REF!
Name ____TB322: #REF!
Name ____TB323: [3]시산표!#REF!
Name ____TB323: #REF!
Name ____TB324: [3]시산표!#REF!
Name ____TB324: #REF!
Name ____TB325: [3]시산표!#REF!
Name ____TB325: #REF!
Name ____TB401: [3]시산표!#REF!
Name ____TB401: #REF!
Name ____TB402: [3]시산표!#REF!

Sheet 5600_기타비유동부채
A2: 주식회사 경남제약 | G2: 조서No. 5601
A3: 기타의 비유동부채
A4: LEAD SCHEDULE
A5: 작성자 | C5: 이병하 | E5: 검토자 | G5: 이광우
A6: 작성일 | C6: 46227 | E6: 검토일 | G6: 46227
A7: 결산일 | C7: 46203
B10: 전 기 | E10: 46203 | I10: 비 고
A11: ACCOUNT | B11: 전기잔액 | C11: INCREASE | D11: DECREASE | E11: PER BOOK | F11: AJE | G11: RES | H11: FINAL | I11: Refer | J11: NOTE
A12: 장기미지급비용 | B12: 110691427 | C12: -6429092 | D12: 0 | E12: 104262335 | H12: 104262335
A13: 수입보증금 | B13: 1000000 | C13: 0 | D13: 0 | E13: 1000000 | H13: 1000000
A14: 임대보증금(비유동) | B14: 0 | C14: 160000000 | D14: 0 | E14: 160000000 | H14: 160000000
A18: 합 계 | B18: 111691427 | C18: 153570908 | D18: 0 | E18: 265262335 | F18: 0 | G18: 0 | H18: 265262335
A20: ▶ 증감분석
A21: ACCOUNT | B21: 증감금액 | C21: 증감비율 | D21: 비 고
A22: 장기미지급비용 | B22: -6429092 | C22: -0.05808121
A23: 수입보증금 | B23: 0 | C23: 0
A24: 임대보증금(비유동) | B24: 160000000 | C24: -2146826281
A29: ▶ 감사절차 (Audit Procedures)
A30: No. | B30: 감사절차 | E30: 경영진 주장 | G30: 수행여부 | H30: 조서번호 | I30: 비 고
A31: 1 | B31: [총괄표 작성 및 전기 대비 검토] 당기말 잔액을 총계정원장과, 전기말 잔액은 전기감사보고서와 대조하고 양연도간 유의적 변동원인을 파악한다. | E31: E, C, CL | G31: 완료 | H31: 5601
A32: 2 | B32: [명세서 검증] 기타비유동부채 명세서를 입수하여 계산검증하고 잔액이 보조부와 일치하는지 확인한다. | E32: C, A | G32: 완료 | H32: 5610
A33: 8 | B33: [특수관계자 거래 검토] 특수관계자와의 거래 금액·조건 적정성을 확인한다. | E33: E, CL | G33: 해당없음 | I33: 특수관계자와의 거래내용 없음
A34: 9 | B34: [재무제표 공시사항 검토] 공시사항 점검표에 따라 주석 기재 충분성을 확인한다. | E34: C, CL, U, P | G34: 완료 | H34: 5620
A36: ▶ 감사결론
A37: 적정함
A41: ※ 본 감사조서는 「주식회사 등의 외부감사에 관한 법률」에 따라 작성되었습니다.

Sheet 5600_장기미지급비용
A2: 주식회사 경남제약 | G2: 조서No. 5610-1
A3: 기타의 비유동부채
A4: 장기미지급비용
A8: 장 기 미 지 급 비 용 명 세 서 | N8: 기타장기종업원급여
A9: 46203
A10: 경남제약㈜ | K10: 단위 : 원
A12: 계정과목 | B12: IFRS | C12: 발생일자 | D12: 거래처코드 | E12: 거래처명 | F12: 내 역 | G12: 기초 | H12: 증가 | I12: 감소 | J12: 기말 | K12: 비 고
A13: 장기미지급비용 | B13: 기타장기종업원급여 | D13: A10446 | E13: 경남제약주식회사 | F13: 기타장기종업원급여 | G13: 110691427 | H13: =5655261+2113695-4383927-5514121 -> -2129092 | I13: 4300000 | J13: =G13+H13-I13 -> 104262335
A15: 합 계 | G15: =SUM(G13:G14) -> 110691427 | H15: =SUM(H13:H14) -> -2129092 | I15: =SUM(I13:I14) -> 4300000 | J15: =SUM(J13:J14) -> 104262335
J17: =J15='5600_기타비유동부채'!H12 -> TRUE

Sheet 5600_수입보증금
A2: 주식회사 경남제약 | G2: 조서No. 5610-2
A3: 기타의 비유동부채
A4: 장기미지급비용
A7: 수 입 보 증 금 명 세 서 | O7: 매입채무및기타채무
A8: 46203
A9: 경남제약㈜ | L9: 단위 : 원
A11: 계정과목 | B11: IFRS | C11: 거채처코드 | D11: 거래처 | E11: 사업자등록번호 | F11: 발생일 | G11: 내 역 | H11: 기초 | I11: 증가 | J11: 감소 | K11: 기말 | L11: 비 고
A12: 수입보증금 | C12: F00185 | D12: 서연유통 | E12: 108-02-77883 | F12: 41711 | G12: 서연유통)담보 보증금 | H12: 1000000 | K12: =H12+I12-J12 -> 1000000
A13: 합 계 | H13: =SUM(H12:H12) -> 1000000 | I13: =SUM(I12:I12) -> 0 | J13: =SUM(J12:J12) -> 0 | K13: =SUM(K12:K12) -> 1000000 | M13: =K13=1000000 -> TRUE
K15: =K13='5600_기타비유동부채'!H13 -> TRUE

Sheet 5600_임대보증금
A2: 주식회사 경남제약 | G2: 조서No. 5610-3
A3: 기타의 비유동부채
A4: 임대보증금(비유동)
A9: 계정과목 | B9: 거래처코드 | C9: 거래처 | D9: 사업자등록번호 | E9: 최초발생일 | F9: 내 역 | G9: 기초 | H9: 증가 | I9: 감소 | J9: 유동성대체 | K9: 잔액 | L9: 비고 | M9: 기 간
A10: 임대보증금 (비유동) | B10: R06125 | C10: 주식회사 바나플에프엔비 | E10: 44025 | F10: 경남제약타워 임대보증금(1층) | G10: 0 | J10: 160000000 | K10: 160000000 | L10: 계약갱신연장(계약기간 1년초과전환)으로 인한 유동성 대체/202601-인사팀-59 | M10: 46099 | N10: ~ | O10: 46829 | Q10: 626 | R10: 731

Sheet 5600_주석
A2: 주식회사 경남제약 | G2: 조서No. 5620
A3: 기타의 비유동부채
A4: 주주석
A8: (5) 당반기와 전반기 중 기타장기종업원급여의 변동내역은 다음과 같습니다.
A10: (단위: 원)
A11: 구 분 | B11: 당반기 | C11: 전반기
A12: 기초 | B12: ='5600_기타비유동부채'!B12 -> 110691427 | C12: 247114203
A13: 설정 | B13: ='5600_기타비유동부채'!C12 -> -6429092 | C13: 23527403
A14: 지급 | B14: 0 | C14: 0
A15: 반기말 | B15: =SUM(B12:B14) -> 104262335 | C15: 270641606
B16: =B15='5600_기타비유동부채'!E12 -> TRUE
A18: 당반기말과 전기말 현재 매입채무및기타채무의 내역은 다음과 같습니다.
A19: (단위: 원)
A20: 구 분 | B20: 당반기말 | E20: 전기말
B21: 유 동 | C21: 비유동 | D21: 합 계 | E21: 유 동 | F21: 비유동 | G21: 합 계
A22: 수입보증금 | B22: ='5600_기타비유동부채'!B13 -> 1000000 | C22: 0 | D22: =SUM(B22:C22) -> 1000000 | E22: =M22 -> 0 | F22: 1000000 | G22: =SUM(E22:F22) -> 1000000
