Workbook

Sheet 기본사항
A2: 감사조서 기본사항
A3: Basic Information of Working Papers
A5: ※ 아래 항목을 입력하면 모든 감사조서에 자동으로 반영됩니다.
B7: 항 목 | C7: 입력값 | D7: 비 고
B8: 회사명 | C8: 주식회사 XXX | D8: 피감사회사의 정확한 법인명을 입력하세요
B9: 감사기간 시작일 | C9: 2025-01-01 | D9: 예: 2025-01-01
B10: 감사기간 종료일 | C10: 2025-12-31 | D10: 예: 2025-12-31 ← 각 시트 결산일에 자동 반영
A13: ▶ 셀 참조 정보 (각 시트에서 아래 셀을 참조합니다)
B14: 기본사항!C8 | C14: → 회사명
B15: 기본사항!C9 | C15: → 감사기간 시작일
B16: 기본사항!C10 | C16: → 감사기간 종료일 (결산일 / 당기 헤더에 자동 반영)

Sheet 목차
A2: =기본사항!C8 -> 주식회사 XXX
A3: 감사조서 목차 (Index of Working Papers)
A4: 결산일: 2025년 12월 31일
B6: 조서번호 | C6: 계정과목 | D6: 담당자 | E6: 비고
B7: 4201 | C7: =HYPERLINK("#현예금!A1","현금및현금성자산") -> 현금및현금성자산
B8: 4301 | C8: =HYPERLINK("#매출채권!A1","매출채권") -> 매출채권
B9: 4401 | C9: =HYPERLINK("#재고자산!A1","재고자산") -> 재고자산
B10: 4501 | C10: =HYPERLINK("#유형자산!A1","유형자산") -> 유형자산
B11: 4601 | C11: =HYPERLINK("#장단기차입금!A1","장단기차입금") -> 장단기차입금
B12: 4701 | C12: =HYPERLINK("#매출!A1","매출") -> 매출
B13: 4801 | C13: =HYPERLINK("#판관비!A1","판매비및관리비") -> 판매비및관리비
A16: ※ 색상 범례: 파란 글씨 = 수식/링크 │ 보라 글씨 = 감사분석 체크항목 │ 노란 배경 = 분석 포인트 섹션

Sheet 매출채권
A2: =기본사항!C8 -> 주식회사 XXX | G2: 조서No. 4301
A3: 매출채권
A4: LEAD SCHEDULE
A5: 작성자 | E5: 검토자
A6: 작성일 | E6: 검토일
A7: 결산일 | C7: =기본사항!C10 -> 2025-12-31
B10: 전 기 | E10: =기본사항!C10 -> 2025-12-31 | I10: 비 고
A11: ACCOUNT | B11: 전기잔액 | C11: INCREASE | D11: DECREASE | E11: PER BOOK | F11: AJE | G11: RES | H11: FINAL | I11: Refer | J11: NOTE
A12: 외상매출금 | I12: 4310
A13: 대손충당금_매출채권 | I13: 4320
A14: 받을어음 | I14: 4330
A16: 합 계 | B16: =SUM(B12:B14) -> 0 | C16: =SUM(C12:C14) -> 0 | D16: =SUM(D12:D14) -> 0 | E16: =SUM(E12:E14) -> 0 | F16: =SUM(F12:F14) -> 0 | G16: =SUM(G12:G14) -> 0 | H16: =SUM(H12:H14) -> 0
A18: ▶ 증감분석
A19: ACCOUNT | B19: 증감금액 | C19: 증감비율 | D19: 비 고
A20: 외상매출금
A21: 대손충당금_매출채권
A22: 받을어음
A25: ▶ 감사분석 포인트 (Audit Analysis Points)
A26: ☐ 실재성·완전성 확인 | C26: 거래처별 잔액명세서 징구 후 리드스케줄과 합계 대사, 주요 거래처 채권잔액조회 실시
A27: ☐ 대손충당금 적정성 | C27: 대손율 산정근거 검토, 연령분석(Aging) 실시, 장기 미회수채권 개별평가 여부
A28: ☐ 매출채권 회전율 분석 | C28: 전기 대비 회전율 변동 분석 및 회수기간 증가 원인 파악
A29: ☐ 특수관계자 거래 검토 | C29: 특수관계자 매출채권 금액 및 조건의 적정성, 상계 여부 확인
A30: ☐ 기말 후 회수 확인 | C30: 결산일 이후 주요 채권의 실제 회수 여부 확인(Cut-off 검토)
A31: ☐ 반품·에누리 충당부채 | C31: 기말 미처리 반품·에누리 예상액 충당부채 계상 적정성
A33: ※ 본 감사조서는 「주식회사 등의 외부감사에 관한 법률」에 따라 작성되었습니다.

Sheet 재고자산
A2: =기본사항!C8 -> 주식회사 XXX | G2: 조서No. 4401
A3: 재고자산
A4: LEAD SCHEDULE
A5: 작성자 | E5: 검토자
A6: 작성일 | E6: 검토일
A7: 결산일 | C7: =기본사항!C10 -> 2025-12-31
B10: 전 기 | E10: =기본사항!C10 -> 2025-12-31 | I10: 비 고
A11: ACCOUNT | B11: 전기잔액 | C11: INCREASE | D11: DECREASE | E11: PER BOOK | F11: AJE | G11: RES | H11: FINAL | I11: Refer | J11: NOTE
A12: 상품 | I12: 4410
A13: 제품 | I13: 4420
A14: 원재료 | I14: 4430
A15: 재공품 | I15: 4440
A16: 평가충당금 | I16: 4450
A18: 합 계 | B18: =SUM(B12:B16) -> 0 | C18: =SUM(C12:C16) -> 0 | D18: =SUM(D12:D16) -> 0 | E18: =SUM(E12:E16) -> 0 | F18: =SUM(F12:F16) -> 0 | G18: =SUM(G12:G16) -> 0 | H18: =SUM(H12:H16) -> 0
A20: ▶ 증감분석
A21: ACCOUNT | B21: 증감금액 | C21: 증감비율 | D21: 비 고
A22: 상품
A23: 제품
A24: 원재료
A25: 재공품
A26: 평가충당금
A29: ▶ 감사분석 포인트 (Audit Analysis Points)
A30: ☐ 실사 참여 | C30: 기말재고 실사 참여 및 수량 확인, 실사조서 작성(실사일 ≠ 결산일 시 roll-forward 수행)
A31: ☐ 단가 적정성 | C31: 원가계산방법(총평균법/선입선출법) 일관 적용 여부, 단가 산출근거 검토
A32: ☐ 저가법 평가 | C32: 순실현가능가치(NRV) 대비 원가 비교, 진부화·손상 재고 평가충당금 적정성
A33: ☐ 수불부 대사 | C33: 수불부 기말잔액과 원장잔액 일치 여부, 미착품 포함 여부 확인
A34: ☐ Cut-off 검토 | C34: 결산일 전후 입출고 거래의 기간 귀속 적정성(FOB 조건 검토)
A35: ☐ 담보 제공 재고 | C35: 금융기관 담보 제공 재고자산 주석 공시 여부
A37: ※ 본 감사조서는 「주식회사 등의 외부감사에 관한 법률」에 따라 작성되었습니다.

Sheet 유형자산
A2: =기본사항!C8 -> 주식회사 XXX | G2: 조서No. 4501
A3: 유형자산
A4: LEAD SCHEDULE
A5: 작성자 | E5: 검토자
A6: 작성일 | E6: 검토일
A7: 결산일 | C7: =기본사항!C10 -> 2025-12-31
B10: 전 기 | E10: =기본사항!C10 -> 2025-12-31 | I10: 비 고
A11: ACCOUNT | B11: 전기잔액 | C11: INCREASE | D11: DECREASE | E11: PER BOOK | F11: AJE | G11: RES | H11: FINAL | I11: Refer | J11: NOTE
A12: 토지 | I12: 4510
A13: 건물 | I13: 4520
A14: 감가상각누계액_건물 | I14: 4521
A15: 차량운반구 | I15: 4530
A16: 감가상각누계액_차량 | I16: 4531
A17: 비품 | I17: 4540
A18: 감가상각누계액_비품 | I18: 4541
A19: 시설장치 | I19: 4550
A21: 합 계 | B21: =SUM(B12:B19) -> 0 | C21: =SUM(C12:C19) -> 0 | D21: =SUM(D12:D19) -> 0 | E21: =SUM(E12:E19) -> 0 | F21: =SUM(F12:F19) -> 0 | G21: =SUM(G12:G19) -> 0 | H21: =SUM(H12:H19) -> 0
A23: ▶ 증감분석
A24: ACCOUNT | B24: 증감금액 | C24: 증감비율 | D24: 비 고
A25: 토지
A26: 건물
A27: 감가상각누계액_건물
A28: 차량운반구
A29: 감가상각누계액_차량
A30: 비품
A31: 감가상각누계액_비품
A32: 시설장치
A35: ▶ 감사분석 포인트 (Audit Analysis Points)
A36: ☐ 취득 실재성 | C36: 당기 취득자산 증빙(계약서·세금계산서·등기부등본) 확인 및 소유권 귀속 검토
A37: ☐ 감가상각비 검증 | C37: 내용연수·잔존가치·상각방법의 전기 대비 일관성, 감가상각비 재계산 검증
A38: ☐ 처분·폐기 검토 | C38: 처분손익 계산 적정성, 등록 말소 및 보험 해지 여부 확인
A39: ☐ 손상징후 검토 | C39: 영업손실 지속, 시장가치 하락 등 손상징후 검토 및 회수가능액 산정
A40: ☐ 자본적 지출 vs 수익적 지출 | C40: 수선비 성격의 지출이 자산화되었는지 여부 검토
A41: ☐ 보험 가입 현황 | C41: 주요 자산의 보험 가입 여부 및 보험가액 적정성
A43: ※ 본 감사조서는 「주식회사 등의 외부감사에 관한 법률」에 따라 작성되었습니다.

Sheet 장단기차입금
A2: =기본사항!C8 -> 주식회사 XXX | G2: 조서No. 4601
A3: 장단기차입금
A4: LEAD SCHEDULE
A5: 작성자 | E5: 검토자
A6: 작성일 | E6: 검토일
A7: 결산일 | C7: =기본사항!C10 -> 2025-12-31
B10: 전 기 | E10: =기본사항!C10 -> 2025-12-31 | I10: 비 고
A11: ACCOUNT | B11: 전기잔액 | C11: INCREASE | D11: DECREASE | E11: PER BOOK | F11: AJE | G11: RES | H11: FINAL | I11: Refer | J11: NOTE
A12: 단기차입금 | I12: 4610
A13: 유동성장기부채 | I13: 4620
A14: 장기차입금 | I14: 4630
A15: 사채 | I15: 4640
A17: 합 계 | B17: =SUM(B12:B15) -> 0 | C17: =SUM(C12:C15) -> 0 | D17: =SUM(D12:D15) -> 0 | E17: =SUM(E12:E15) -> 0 | F17: =SUM(F12:F15) -> 0 | G17: =SUM(G12:G15) -> 0 | H17: =SUM(H12:H15) -> 0
A19: ▶ 증감분석
A20: ACCOUNT | B20: 증감금액 | C20: 증감비율 | D20: 비 고
A21: 단기차입금
A22: 유동성장기부채
A23: 장기차입금
A24: 사채
A27: ▶ 감사분석 포인트 (Audit Analysis Points)
A28: ☐ 잔액확인서 징구 | C28: 주요 금융기관으로부터 차입금 잔액확인서 징구 및 원장 대사
A29: ☐ 유동·비유동 분류 | C29: 만기일 기준 유동성 분류 적정성, 만기연장 약정 존재 여부 확인
A30: ☐ 이자비용 검증 | C30: 이자율 × 차입금 평잔으로 이자비용 추정 후 계상액과 비교
A31: ☐ 담보·보증 현황 | C31: 차입금 관련 담보제공 자산 및 지급보증 현황 파악, 주석 공시 충분성
A32: ☐ 특약사항(Covenant) 검토 | C32: 재무비율 유지의무 등 차입약정 위반 여부 및 기한이익상실 가능성
A33: ☐ 특수관계자 차입 | C33: 특수관계자 차입금 금리 및 조건 적정성, 시장이자율과 비교
A35: ※ 본 감사조서는 「주식회사 등의 외부감사에 관한 법률」에 따라 작성되었습니다.

Sheet 매출
A2: =기본사항!C8 -> 주식회사 XXX | G2: 조서No. 4701
A3: 매출
A4: LEAD SCHEDULE
A5: 작성자 | E5: 검토자
A6: 작성일 | E6: 검토일
A7: 결산일 | C7: =기본사항!C10 -> 2025-12-31
B10: 전 기 | E10: =기본사항!C10 -> 2025-12-31 | I10: 비 고
A11: ACCOUNT | B11: 전기잔액 | C11: INCREASE | D11: DECREASE | E11: PER BOOK | F11: AJE | G11: RES | H11: FINAL | I11: Refer | J11: NOTE
A12: 상품매출 | I12: 4710
A13: 제품매출 | I13: 4720
A14: 용역매출 | I14: 4730
A15: 임대료수입 | I15: 4740
A17: 합 계 | B17: =SUM(B12:B15) -> 0 | C17: =SUM(C12:C15) -> 0 | D17: =SUM(D12:D15) -> 0 | E17: =SUM(E12:E15) -> 0 | F17: =SUM(F12:F15) -> 0 | G17: =SUM(G12:G15) -> 0 | H17: =SUM(H12:H15) -> 0
A19: ▶ 증감분석
A20: ACCOUNT | B20: 증감금액 | C20: 증감비율 | D20: 비 고
A21: 상품매출
A22: 제품매출
A23: 용역매출
A24: 임대료수입
A27: ▶ 감사분석 포인트 (Audit Analysis Points)
A28: ☐ 수익인식 시점 검토 | C28: 수행의무 이행 시점(인도기준/진행기준) 적정성, K-IFRS 1115 준수 여부
A29: ☐ Cut-off 검토 | C29: 결산일 전후 매출의 기간 귀속 적정성, 선수수익 계상 여부
A30: ☐ 월별 추이 분석 | C30: 월별 매출 추이 분석, 계절성과 맞지 않는 급증·급감 원인 파악
A31: ☐ 반품·에누리 처리 | C31: 반품·할인·에누리의 매출 차감 또는 충당부채 계상 적정성
A32: ☐ 특수관계자 매출 | C32: 특수관계자 매출 금액·가격 적정성 및 독립거래 조건 비교
A33: ☐ 세금계산서 대사 | C33: 매출 원장과 세금계산서 합계 대사, 누락·이중 발행 여부
A35: ※ 본 감사조서는 「주식회사 등의 외부감사에 관한 법률」에 따라 작성되었습니다.

Sheet 판관비
A2: =기본사항!C8 -> 주식회사 XXX | G2: 조서No. 4801
A3: 판매비및관리비
A4: LEAD SCHEDULE
A5: 작성자 | E5: 검토자
A6: 작성일 | E6: 검토일
A7: 결산일 | C7: =기본사항!C10 -> 2025-12-31
B10: 전 기 | E10: =기본사항!C10 -> 2025-12-31 | I10: 비 고
A11: ACCOUNT | B11: 전기잔액 | C11: INCREASE | D11: DECREASE | E11: PER BOOK | F11: AJE | G11: RES | H11: FINAL | I11: Refer | J11: NOTE
A12: 급여 | I12: 4810
A13: 퇴직급여 | I13: 4820
A14: 복리후생비 | I14: 4830
A15: 감가상각비 | I15: 4840
A16: 지급임차료 | I16: 4850
A17: 지급수수료 | I17: 4860
A18: 광고선전비 | I18: 4870
A19: 기타판관비 | I19: 4890
A21: 합 계 | B21: =SUM(B12:B19) -> 0 | C21: =SUM(C12:C19) -> 0 | D21: =SUM(D12:D19) -> 0 | E21: =SUM(E12:E19) -> 0 | F21: =SUM(F12:F19) -> 0 | G21: =SUM(G12:G19) -> 0 | H21: =SUM(H12:H19) -> 0
A23: ▶ 증감분석
A24: ACCOUNT | B24: 증감금액 | C24: 증감비율 | D24: 비 고
A25: 급여
A26: 퇴직급여
A27: 복리후생비
A28: 감가상각비
A29: 지급임차료
A30: 지급수수료
A31: 광고선전비
A32: 기타판관비
A35: ▶ 감사분석 포인트 (Audit Analysis Points)
A36: ☐ 전기 대비 분석적 검토 | C36: 주요 비목별 금액 및 비율 전기 비교, 유의적 변동 원인 파악
A37: ☐ 급여 검증 | C37: 급여대장 vs 원천징수이행상황신고서 대사, 임원보수한도 초과 여부
A38: ☐ 퇴직급여 검증 | C38: 퇴직급여충당부채 설정액 적정성, 확정급여형/확정기여형 구분
A39: ☐ 자본적 지출 혼입 여부 | C39: 비용 처리된 항목 중 자산화 대상 지출 포함 여부 검토
A40: ☐ 접대비 한도 초과 | C40: 접대비 세법 한도 초과 여부 및 증빙 구비 현황
A41: ☐ 선급비용 계상 | C41: 기간 미도래 비용의 선급비용 처리 여부(보험료·임차료 등)
A43: ※ 본 감사조서는 「주식회사 등의 외부감사에 관한 법률」에 따라 작성되었습니다.

Sheet 현예금
A2: =기본사항!C8 -> 주식회사 XXX | G2: 조서No. 4101
A3: 현금및현금성자산 · 장단기금융상품
A4: LEAD SCHEDULE
A5: 작성자 | E5: 검토자
A6: 작성일 | E6: 검토일
A7: 결산일 | C7: =기본사항!C10 -> 2025-12-31
B10: 전 기 | E10: =기본사항!C10 -> 2025-12-31 | I10: 비 고
A11: ACCOUNT | B11: 전기잔액 | C11: INCREASE | D11: DECREASE | E11: PER BOOK | F11: AJE | G11: RES | H11: FINAL | I11: Refer | J11: NOTE
A12: 현금 | I12: 4110
A13: 보통예금 | I13: 4120
A14: 당좌예금 | I14: 4130
A15: 현금성자산 | I15: 4140
A16: 단기금융상품 | I16: 4150
A17: 장기금융상품 | I17: 4160
A19: 합 계 | B19: =SUM(B12:B17) -> 0 | C19: =SUM(C12:C17) -> 0 | D19: =SUM(D12:D17) -> 0 | E19: =SUM(E12:E17) -> 0 | F19: =SUM(F12:F17) -> 0 | G19: =SUM(G12:G17) -> 0 | H19: =SUM(H12:H17) -> 0
A21: ▶ 증감분석
A22: ACCOUNT | B22: 증감금액 | C22: 증감비율 | D22: 비 고
A23: 현금
A24: 보통예금
A25: 당좌예금
A26: 현금성자산
A27: 단기금융상품
A28: 장기금융상품
A31: ▶ 감사절차 (Audit Procedures)
A32: No. | B32: 감사절차 | E32: 경영진 주장 | G32: 수행여부 | H32: 조서번호 | I32: 비 고
A33: 1 | B33: [총괄표 작성 및 전기 대비 검토] 당기말 잔액을 총계정원장과 대조하고 전기말 잔액은 전기감사보고서와 대조한다. 양연도간 유의적 변동사항의 원인을 파악한다. | E33: E, C, CL | G33: ☐
A34: 2 | B34: [현금 및 미사용수표 실사] 기말 현재 현금·미사용수표·어음을 직접 실사하여 장부잔액과 대조한다. | E34: E, C, RO | G34: ☐
A35: 3 | B35: [금융기관 잔액조회서 발송 및 회수] 기중 잔액이 없는 계좌 포함 전 금융기관에 조회서를 발송한다. 발송·회수는 감사인이 직접 수행하며, 차입금·담보·지급보증 등도 함께 확인한다. | E35: E, RO | G35: ☐
A36: 4 | B36: [사용제한 예금 및 장기성 예금 검토] 질권·담보 제공 예금, 사용제한 예금의 유동·비유동 분류 적정성을 확인한다. 장기성 예금의 비유동 분류 여부를 검토한다. | E36: CL | G36: ☐
A37: 5 | B37: [은행계정 간 자금이체(Kiting) 검토] 기말 전후 은행계정 간 자금이체를 확인하여 동일 기간 내 입·출금이 정확히 반영되었는지 검토한다. 은행계정조정표상 미결항목의 적정성을 확인한다. | E37: CL, V | G37: ☐
A38: 6 | B38: [이자수익 및 미수수익 연계 검토] 이자부 예금의 발생이자와 미수수익 계상 적정성을 확인하고 관련 손익계정과 연결하여 누락 여부를 검토한다. | E38: C, V, A | G38: ☐
A39: 7 | B39: [기간귀속(Cut-off) 검토] 기말 전후 현금·예금 거래의 기간 귀속 적정성을 검토한다. | E39: C, V | G39: ☐
A40: 8 | B40: [재무제표 공시사항 검토] 사용제한 예금, 담보제공 예금 등 공시사항 점검표에 따라 주석 기재 충분성을 확인한다. | E40: C, CL, U, P | G40: ☐
A42: ▶ 감사결론
A47: ※ 본 감사조서는 「주식회사 등의 외부감사에 관한 법률」에 따라 작성되었습니다.

Sheet 유가증권
A2: =기본사항!C8 -> 주식회사 XXX | G2: 조서No. 4201
A3: 유가증권 (유동·비유동)
A4: LEAD SCHEDULE
A5: 작성자 | E5: 검토자
A6: 작성일 | E6: 검토일
A7: 결산일 | C7: =기본사항!C10 -> 2025-12-31
B10: 전 기 | E10: =기본사항!C10 -> 2025-12-31 | I10: 비 고
A11: ACCOUNT | B11: 전기잔액 | C11: INCREASE | D11: DECREASE | E11: PER BOOK | F11: AJE | G11: RES | H11: FINAL | I11: Refer | J11: NOTE
A12: 단기매매증권 | I12: 4210
A13: 매도가능증권(유동) | I13: 4220
A14: 만기보유증권(유동) | I14: 4230
A15: 매도가능증권(비유동) | I15: 4240
A16: 만기보유증권(비유동) | I16: 4250
A17: 지분법적용투자주식 | I17: 4260
A19: 합 계 | B19: =SUM(B12:B17) -> 0 | C19: =SUM(C12:C17) -> 0 | D19: =SUM(D12:D17) -> 0 | E19: =SUM(E12:E17) -> 0 | F19: =SUM(F12:F17) -> 0 | G19: =SUM(G12:G17) -> 0 | H19: =SUM(H12:H17) -> 0
A21: ▶ 증감분석
A22: ACCOUNT | B22: 증감금액 | C22: 증감비율 | D22: 비 고
A23: 단기매매증권
A24: 매도가능증권(유동)
A25: 만기보유증권(유동)
A26: 매도가능증권(비유동)
A27: 만기보유증권(비유동)
A28: 지분법적용투자주식
A31: ▶ 감사절차 (Audit Procedures)
A32: No. | B32: 감사절차 | E32: 경영진 주장 | G32: 수행여부 | H32: 조서번호 | I32: 비 고
A33: 1 | B33: [금융자산 총괄표 작성 및 전기 대비 검토] 당기말 잔액을 총계정원장과, 전기말 잔액은 전기감사보고서와 대조한다. 유의적 변동사항의 원인을 파악한다. | E33: E, C, CL | G33: ☐
A34: 2 | B34: [금융자산 실재성 확인] 직접 보유 금융자산은 실사하고, 타처 보관·담보 제공 금융자산은 보관자에게 직접 조회하거나 보관확인서를 입수한다. 유치권·저당권·담보제공 여부를 확인한다. | E34: E, RO | G34: ☐
A35: 3 | B35: [중요한 취득·처분 거래 검토] 기중 중요한 취득·처분 거래에 대해 거래증빙을 대사하여 기간귀속, 발생사실, 취득원가 및 처분손익의 적정성을 확인한다. | E35: O, CO, V | G35: ☐
A36: 4 | B36: [공정가치 평가 적정성 검토] 공시가격 금융자산은 독립적으로 입수한 공시가격과 대사한다. 평가기법 적용 금융자산은 공정가치 측정 모델의 적정성을 검토한다. 평가손익이 당기손익 또는 기타포괄손익으로 적절히 반영되었는지 확인한다. | E36: V | G36: ☐
A37: 5 | B37: [금융자산 분류 적정성 검토] 단기매매증권·매도가능증권·만기보유증권 등으로의 분류가 일반기업회계기준 제6장에 부합하는지 검토한다. 재분류가 있는 경우 그 근거와 미실현손익 처리 적정성을 확인한다. | E37: CL | G37: ☐
A38: 6 | B38: [손상차손 검토] 손상 대상 금융자산이 모두 파악되었는지 확인하고, 손상의 객관적 증거를 검토한다. 손상차손 평가의 적정성 및 손상 회복 시 회계처리를 검토한다. | E38: V | G38: ☐
A39: 7 | B39: [배당금 및 이자수익 검토] 배당금은 지급받을 권리 확정 시점에 당기손익 인식 여부를 확인한다. 채무증권 이자수익은 유효이자율법 적용 여부를 검토한다. | E39: O, CO, A | G39: ☐
A40: 8 | B40: [특수관계자 거래 및 기말 전후 결산조작 검토] 특수관계자와의 금융자산 취득·처분 가액의 적정성을 확인한다. 기말 전후 취득·처분 및 환매조건부 처분에 의한 결산조작 가능성을 검토한다. | E40: E, V, CL | G40: ☐
A41: 9 | B41: [재무제표 공시사항 검토] 공시사항 점검표에 따라 금융자산 분류, 공정가치 측정, 담보제공 현황 등의 주석 기재 충분성을 확인한다. | E41: C, CL, U, P | G41: ☐
A43: ▶ 감사결론
A48: ※ 본 감사조서는 「주식회사 등의 외부감사에 관한 법률」에 따라 작성되었습니다.
