Workbook
Name ____TB112: #REF!
Name ____TB115: #REF!
Name ____TB124: #REF!
Name ____TB125: #REF!
Name ____TB126: #REF!
Name ____TB131: #REF!
Name ____TB132: #REF!
Name ____TB211: #REF!
Name ____TB213: #REF!
Name ____TB214: #REF!
Name ____TB215: #REF!
Name ____TB221: #REF!
Name ____TB2210: #REF!
Name ____TB222: #REF!
Name ____TB223: #REF!
Name ____TB224: #REF!
Name ____TB225: #REF!
Name ____TB227: #REF!
Name ____TB229: #REF!
Name ____TB311: #REF!
Name ____TB313: #REF!
Name ____TB317: #REF!
Name ____TB318: #REF!
Name ____TB319: #REF!
Name ____TB322: #REF!
Name ____TB323: #REF!
Name ____TB324: #REF!
Name ____TB325: #REF!
Name ____TB401: #REF!
Name ____TB402: #REF!
Name ____TB403: #REF!
Name ____TB404: #REF!
Name ____TB405: #REF!
Name ____TB510: #REF!
Name ____TB511: #REF!
Name ____TB601: #REF!
Name ____TB604: #REF!
Name ____TB605: #REF!
Name ____TB811: #REF!
Name ____TB812: #REF!
Name ____TB813: #REF!
Name ____TB814: #REF!
Name ____TB820: #REF!
Name ____TBI1001: #REF!
Name ____TBI1002: #REF!
Name ____TBI1003: #REF!
Name ____TBI1004: #REF!
Name ____TBI1005: #REF!
Name ____TBI102: #REF!
Name ____TBI1200: #REF!
Name ____TBI403: #REF!
Name ____TBI425: #REF!
Name ____TBI603: #REF!
Name ____TBI604: #REF!
Name ____TBI605: #REF!
Name ____TBI606: #REF!
Name ____TBI607: #REF!
Name ____TBI608: #REF!
Name ____TBI609: #REF!
Name ____TBI611: #REF!

Sheet 기본사항
A2: 감사조서 기본사항
A3: Basic Information of Working Papers
A5: ※ 아래 항목을 입력하면 모든 감사조서에 자동으로 반영됩니다.
B7: 항 목 | C7: 입력값 | D7: 비 고
B8: 회사명 | C8: 주식회사 경남제약 | D8: 피감사회사의 정확한 법인명을 입력하세요
B9: 감사기간 시작일 | C9: 46023 | D9: 예: 2025-01-01
B10: 감사기간 종료일 | C10: 46203 | D10: 예: 2025-12-31 ← 각 시트 결산일에 자동 반영
B11: 작성자 | C11: 이병하 | D11: 감사조서 작성 담당자 성명
B12: 작성일 | C12: 46227 | D12: 작성일 (예: 2025-01-15)
C13: 이광우
B14: 검토일 | C14: 46227
A17: ▶ 셀 참조 정보 (각 리드스케줄 시트에서 아래 셀을 참조합니다)
B18: 기본사항!C8 | C18: → 회사명
B19: 기본사항!C9 | C19: → 감사기간 시작일
B20: 기본사항!C10 | C20: → 감사기간 종료일 (결산일 / 당기 헤더 자동 반영)
B21: 기본사항!C11 | C21: → 작성자 → 각 시트 행5 작성자란 자동 반영
B22: 기본사항!C12 | C22: → 작성일 → 각 시트 행6 작성일란 자동 반영
B23: 기본사항!C13 | C23: → 검토자 → 각 시트 행5 검토자란 자동 반영
B24: 기본사항!C14 | C24: → 검토일 → 각 시트 행6 검토일란 자동 반영

Sheet 목차
A2: =기본사항!C8 -> 주식회사 경남제약
A3: 감사조서 목차 (Index of Working Papers)
A4: 결산일: 2025년 12월 31일
B6: 조서번호 | C6: 계정과목 | D6: 담당자 | E6: 비고
B7: 4201 | C7: =HYPERLINK("#현예금!A1","현금및현금성자산") -> 현금및현금성자산
B8: 4301 | C8: =HYPERLINK("#매출채권!A1","매출채권") -> 매출채권
B9: 4401 | C9: =HYPERLINK("#재고자산!A1","재고자산") -> 재고자산
B10: 4501 | C10: =HYPERLINK("#유형자산!A1","유형자산") -> 유형자산
B11: 4601 | C11: =HYPERLINK("#장단기차입금!A1","장단기차입금") -> 장단기차입금
B12: 4701 | C12: =HYPERLINK("#매출!A1","매출") -> 매출
B13: 4801 | C13: =HYPERLINK("#판관비!A1","판매비및관리비") -> 판매비및관리비
A16: ※ 색상 범례: 파란 글씨 = 수식/링크 │ 보라 글씨 = 감사분석 체크항목 │ 노란 배경 = 분석 포인트 섹션

Sheet 회사담당자
A1: 계정과목 | B1: 담당자
A2: Ⅰ.유동자산
A3: 현금및현금성자산 | B3: 서정아
A4: 단기투자자산_매도가능증권 | B4: 서정아
A5: 단기금융상품 | B5: 김규리
A6: 매출채권 | B6: 김규리
A7: 매출채권대손충당금 | B7: 김규리
A8: 단기대여금 | B8: 박재윤
A9: 단기대여금대손충당금 | B9: 김규리
A10: 미수수익 | B10: 김규리
A11: 미수수익대손충당금 | B11: 김규리
A12: 미수금 | B12: 박재윤
A13: 미수금대손충당금 | B13: 김규리
A14: 선급금 | B14: 박재윤
... A25: 보증금 | B25: 박재윤
A26: 자산총계
A27: Ⅰ.유동부채
A28: 매입채무 | B28: 김규리
A29: 미지급금 | B29: 박재윤
A30: 예수금 | B30: 박재윤
A31: 임대보증금 | B31: 박재윤
A32: 일반선수금 | B32: 서정아
A33: 단기차입금 | B33: 김규리
A34: 미지급비용 | B34: 김규리
A35: 유동성장기채무 | B35: 김규리
A36: 환불부채 | B36: 신희조
A37: 전환사채 | B37: 서정아
A38: 전환권조정 | B38: 서정아
A39: 전환사채할인발행차금 | B39: 서정아
... A43: 단기리스부채 | B43: 김규리
A44: Ⅱ.고정부채
A45: 퇴직급여충당금 | B45: 김규리
A46: 국민연금전환금 | B46: 김규리
A47: 퇴직연금예치금 | B47: 김규리
A48: 장기미지급비용 | B48: 김규리
A49: 수입보증금 | B49: 김규리
A50: 장기리스부채 | B50: 김규리
A51: 이연법인세부채
A52: Ⅰ.자본금
A53: Ⅱ.자본잉여금
A54: Ⅲ.자본조정
A55: IV.기타포괄손익누계
A56: Ⅴ.이익잉여금
A57: Ⅰ.매출액
A58: 1.상품매출액 | B58: 신희조
A59: 상품매출_국내 | B59: 신희조
A60: 2.제품매출액 | B60: 신희조
A61: 제품매출(자사)_국내 | B61: 신희조
A62: 제품매출(자사)_수출 | B62: 신희조
A63: 제품매출(외주)_국내 | B63: 신희조
A64: 3.매출할인 | B64: 신희조
A65: 4.용역매출액 | B65: 신희조
A66: 5.임대매출 | B66: 신희조
A67: 6.매출조정 | B67: 신희조
A68: 7.로열티매출 | B68: 신희조
A69: Ⅱ.매출원가 | B69: 신희조
... A83: 7.제품조정원가 | B83: 신희조
A84: Ⅲ.매출총이익
A85: Ⅳ.판매비와관리비
A86: 급여
A87: 급여_급여(판관)
A88: 급여_연차(판관)
A89: 급여_급여기타(판관)
A90: 상여금
A91: 상여금_인센티브(판관)
A92: 퇴직급여
A93: 복리후생비
A94: 복리후생비_건강보험(판관)
A95: 복리후생비_국민연금(판관)
... A132: 세금과공과_기타세금(판관)
A133: 감가상각비 | B133: 서정아
A134: 보험료
A135: 보험료_책임보험(판관)
A136: 보험료_CEO보험(판관)
A137: 차량유지비
A138: 차량유지비_유류대(판관)
A139: 차량유지비_점검및수리(판관)
A140: 차량유지비_통행및주차료(판관)
A141: 차량유지비_기타차량유지비(판관)
A142: 건물관리비
A143: 건물관리비_사무실관리비(판관)
A144: 운임
A145: 운임_물류(판관)
... A192: Ⅵ.영업외수익
A193: 이자수익 | B193: 서정아
A194: 외환차익 | B194: 서정아
A195: 외화환산이익 | B195: 서정아
A196: 무형자산처분이익 | B196: 서정아
A197: 잡이익 | B197: 서정아
A198: 매도가능증권평가이익 | B198: 서정아
A199: 파생상품평가이익(당기) | B199: 서정아
A200: 사채상환이익 | B200: 서정아
A201: Ⅶ.영업외비용
A202: 이자비용 | B202: 김규리
A203: 외환차손 | B203: 김규리
A204: 기부금 | B204: 김규리
A205: 외화환산손실 | B205: 서정아
A206: 유형자산처분손실 | B206: 서정아
A207: 잡손실 | B207: 서정아
A208: 유형자산손상차손 | B208: 서정아
...

Sheet 세부assign
A1: 삼덕회계법인
B2: Client | C2: Period-end | D2: Prepared by | E2: Date | F2: reviewed by | G2: Date | H2: no
B3: 경남제약 | C3: 46022 | D3: 박재우 | E3: 46160 | F3: 이광우
A4: 1. 계획단계
B5: 구분 | C5: 이광우(담당이사) | D5: 박재우(책임회계사) | E5: 오세훈 | F5: 이양수 | G5: 이병하
B6: 일반조서 | C6: reviewer | D6: v
A8: 2. 전기조서 열람
B9: 구분 | C9: 이광우(담당이사) | D9: 박재우(책임회계사) | E9: 오세훈 | F9: 이양수 | G9: 이병하
B10: N/A | C10: v | D10: v | F10: v
A12: 3. 기초잔액, 반기검토, 중간감사, 내부회계 및 기말감사
B13: <BS계정>
B14: 구분 | C14: 이광우(담당이사) | D14: 박재우(책임회계사) | E14: 오세훈 | F14: 이양수 | G14: 이병하 | H14: 당기 | I14: 전기 | K14: 담당회계사 assignment에 대한 의견
B15: 일반조서(내부회계 entity level 포함) | C15: reviewer
B16: Ⅰ.유동자산 | I16: 79454666283
B17: 현금및현금성자산 | C17: reviewer | F17: v | I17: 6254383438
B18: 단기투자자산_매도가능증권 | C18: reviewer | F18: v | I18: 8735108945
B19: 단기금융상품 | C19: reviewer | F19: v | I19: 36150000000
B20: 매출채권 | C20: v | I20: 15867318853
B21: 매출채권대손충당금 | C21: v | I21: -795929614
B22: 단기대여금 | C22: reviewer | F22: v | I22: 163786391
B23: 단기대여금대손충당금 | C23: reviewer | F23: v | I23: -163786391
B24: 미수수익 | C24: reviewer | F24: v | I24: 126417893
B25: 미수수익대손충당금 | C25: reviewer | F25: v | I25: -57656091
B26: 미수금 | C26: reviewer | F26: v | I26: 32937015
B27: 미수금대손충당금 | C27: reviewer | F27: v | I27: -11340130
B28: 선급금 | C28: reviewer | E28: v | I28: 695880535
B29: 선급금대손충당금 | C29: reviewer | E29: v | I29: -329007400
B30: 선급비용 | C30: reviewer | F30: v | I30: 147694361
B31: 선급법인세 | C31: reviewer | D31: v | I31: 236809590
B32: 2)재고자산 | C32: reviewer | E32: v | I32: 12402048888
B33: Ⅱ.비유동자산 | I33: 76335209653
B34: 관계회사/종속기업 | C34: reviewer | D34: v | I34: 661965537
B35: 매도가능증권 | C35: reviewer | F35: v | I35: 4299455796
B36: 투자부동산 | C36: reviewer | G36: v | I36: 35949802624
B37: 2)유형자산 | C37: reviewer | G37: v | I37: 35068472967
B38: 3)무형자산 | C38: reviewer | G38: v | I38: 210052492
B39: 보증금 | C39: reviewer | G39: v | I39: 145460237
B40: 자산총계 | C40: reviewer | I40: 155789875936
B41: Ⅰ.유동부채 | I41: 46235923932
B42: 매입채무 | C42: reviewer | E42: v | I42: 5626467193
B43: 미지급금 | C43: reviewer | G43: v | I43: 1534681919
B44: 예수금 | C44: reviewer | G44: v | I44: 67274989
B45: 임대보증금 | C45: reviewer | G45: v | I45: 383000000
B46: 일반선수금 | C46: reviewer | G46: v | I46: 1331816
B47: 단기차입금 | C47: reviewer | F47: v | I47: 5000000000
B48: 미지급비용 | C48: reviewer | G48: v | I48: 735115996
B49: 유동성장기채무 | C49: reviewer | F49: v | I49: 28000000000
B50: 환불부채 | C50: v | I50: 1721641215
B51: 전환사채 | C51: reviewer | F51: v | I51: 2500000000
B52: 전환권조정 | C52: reviewer | F52: v | I52: -206016275
B53: 전환사채할인발행차금 | C53: reviewer | F53: v | I53: -23512881
B54: 유동성파생금융부채(전환권) | C54: reviewer | F54: v | I54: 248754072
B55: 유동성파생금융부채(조기상환청구권) | C55: reviewer | F55: v | I55: 49577641
B56: 계약부채 | C56: v | I56: 368981118
B57: 단기리스부채 | C57: reviewer | G57: v | I57: 228627129
B58: Ⅱ.고정부채 | I58: 1112251131
B59: 퇴직급여충당금 | C59: reviewer | G59: v | I59: 8313925404
B60: 국민연금전환금 | C60: reviewer | G60: v | I60: -1444800
B61: 퇴직연금예치금 | C61: reviewer | G61: v | I61: -8067685796
B62: 장기미지급비용 | C62: reviewer | G62: v | I62: 110691427
B63: 수입보증금 | C63: reviewer | G63: v | I63: 1000000
B64: 장기리스부채 | C64: reviewer | G64: v | I64: 382698597
B65: 이연법인세부채 | C65: reviewer | D65: v | I65: 373066299
B66: Ⅰ.자본금 | C66: reviewer | D66: v | I66: 7814735800
B67: Ⅱ.자본잉여금 | C67: reviewer | D67: v | I67: 128376442644
B68: Ⅲ.자본조정 | C68: reviewer | D68: v | I68: -1469925040
B69: IV.기타포괄손익누계 | C69: reviewer | D69: v | I69: 3054272072 | K69: 세부항목은 각 계정담당자
B70: Ⅴ.이익잉여금 | C70: reviewer | D70: v | I70: -29333824603
B71: <PL계정>
B72: 구분 | C72: 이광우(담당이사) | D72: 박재우(책임회계사) | E72: 오세훈 | F72: 이양수 | G72: 이병하 | H72: 당기 | I72: 전기 | K72: 담당회계사 assignment에 대한 의견
B73: Ⅰ.매출액 | I73: 55944199110
B74: 1.상품매출액 | C74: v | I74: 2126030
B75: 상품매출_국내 | C75: v | I75: 2126030
B76: 2.제품매출액 | C76: v | I76: 57355691028
B77: 제품매출(자사)_국내 | C77: v | I77: 24587571556
B78: 제품매출(자사)_수출 | C78: v | I78: 41687087
B79: 제품매출(외주)_국내 | C79: v | I79: 32726432385
B80: 3.매출할인 | C80: v | I80: -174882718
B81: 4.용역매출액 | C81: v | I81: 24500000
B82: 5.임대매출 | C82: v | I82: 376037973
B83: 6.매출조정 | C83: v | I83: -1700214955
B84: 7.로열티매출 | C84: v | I84: 60941752
B85: Ⅱ.매출원가 | C85: reviewer | E85: v | I85: 40797787413
B86: 1.상품매출원가 | C86: reviewer | E86: v | I86: 1849499
B87: ①기초상품재고액 | C87: reviewer | E87: v | I87: 106533752
B88: ④타계정으로대체(상품) | C88: reviewer | E88: v | I88: -1766802
B89: ⑤기말상품재고액 | C89: reviewer | E89: v | I89: 106451055
B90: 2.제품매출원가 | C90: reviewer | E90: v | I90: 39539544997
B91: ①기초제품재고액 | C91: reviewer | E91: v | I91: 9128995534
B92: ②당기제품제조원가 | C92: reviewer | E92: v | I92: 41686446780
B93: ③타계정에서대체(제품) | C93: reviewer | E93: v | I93: -2077562632
B94: ④타계정으로대체(제품) | C94: reviewer | E94: v | I94: 324436650
B95: ⑤기말제품재고액 | C95: reviewer | E95: v | I95: 8873898035
B96: 3.용역매출원가 | C96: reviewer | E96: v | I96: 13330795
B97: 4.임대매출원가 | C97: reviewer | E97: v | I97: 354897072
A98: 4. 재고실사 | B98: 5.반품추정원가 | C98: reviewer | E98: v | I98: 86653103
B99: 7.제품조정원가 | C99: reviewer | E99: v | I99: 801511947
B100: Ⅲ.매출총이익 | I100: 15146411697
B101: Ⅳ.판매비와관리비 | C101: reviewer | E101: v | I101: 16815795973
A102: 5. 종결단계 | B102: 급여 | C102: reviewer | E102: v | I102: 6384386879
...

Sheet 데이터개요_계정별
A1: 계정명 | B1: 전표건수(차) | C1: 차변합계 | D1: 평균금액(차) | E1: 표준편차(차) | F1: 전표건수(대) | G1: 대변합계 | H1: 평균금액(대) | I1: 표준편차(대)
A2: 제예금(보통예금) | B2: 4873 | C2: 178765514081 | D2: 36684899 | E2: 6.8106667e+08 | F2: 305 | G2: 177618949084 | H2: 5.8235721e+08 | I2: 2.4725272e+09
A3: 외상매출금 | B3: 37687 | C3: 36125421395 | D3: 958564.53 | E3: 9540992.8 | F3: 42914 | G3: 34855788099 | H3: 812224.17 | I3: 6707196.5
A4: 유동성장기채무 | B4: 2 | C4: 28000000000 | D4: 14000000000 | E4: 1.4142136e+10 | F4: 0 | G4: 0 | H4: 0 | I4: 0
A5: 단기금융상품_MMF | B5: 4 | C5: 27500000000 | D5: 6875000000 | E5: 1.0411751e+10 | F5: 3 | G5: 27500000000 | H5: 9.1666667e+09 | I5: 1.2881123e+10
A6: 제품(공장) | B6: 12 | C6: 22781868956 | D6: 1.8984891e+09 | E6: 1.8262229e+09 | F6: 9 | G6: 21198423626 | H6: 2.3553804e+09 | I6: 1.7469389e+09
A7: 재공품 | B7: 26 | C7: 22717599038 | D7: 8.7375381e+08 | E7: 7.4382873e+09 | F7: 12 | G7: 22781868956 | H7: 1.8984891e+09 | I7: 1.8262229e+09
A8: 제품매출원가 | B8: 6 | C8: 21089217771 | D8: 3.5148696e+09 | E8: 2.0635044e+08 | F8: 0 | G8: 0 | H8: 0 | I8: 0
A9: 외상매입금 | B9: 465 | C9: 19370010895 | D9: 41655937 | E9: 74464779 | F9: 455 | G9: 19414695277 | H9: 42669660 | I9: 79581884
A10: 신용카드 | B10: 35721 | C10: 15856154077 | D10: 443888.86 | E10: 1203637.2 | F10: 349 | G10: 15508340473 | H10: 44436506 | I10: 1.0568012e+08
A11: 미지급금(거래처) | B11: 3653 | C11: 13901776663 | D11: 3805578.1 | E11: 52565130 | F11: 3640 | G11: 14030441886 | H11: 3854517 | I11: 52778206
A12: 외주가공비(제조) | B12: 149 | C12: 13545027100 | D12: 90906222 | E12: 98356764 | F12: 11 | G12: 13545027100 | H12: 1231366100 | I12: 8.5963968e+09
A13: 투자부동산_건물 | B13: 3 | C13: 12292305202 | D13: 4.0974351e+09 | E13: 6.1057633e+09 | F13: 4 | G13: 0 | H13: 0 | I13: 1.7607413e+08
... A313: 제품_타계정대체액 | B313: 29 | C313: -1049958080 | D313: -36205451 | E313: 1.0809207e+08 | F313: 0 | G313: 0 | H313: 0 | I313: 0

Sheet 4600_투자부동산
A2: =기본사항!C8 -> 주식회사 경남제약 | G2: 조서No. 4601
A3: 투자부동산
A4: LEAD SCHEDULE
A5: 작성자 | C5: =기본사항!C11 -> 이병하 | E5: 검토자 | G5: =기본사항!C13 -> 이광우
A6: 작성일 | C6: =기본사항!C12 -> 46227 | E6: 검토일 | G6: =기본사항!C14 -> 46227
A7: 결산일 | C7: =기본사항!C10 -> 46203
A10: 취득원가 | E10: =기본사항!C10 -> 46203 | I10: 비 고
A11: ACCOUNT | B11: 전기잔액 | C11: INCREASE | D11: DECREASE | E11: PER BOOK | F11: AJE | G11: RES | H11: FINAL | I11: Refer | J11: NOTE
A12: 투자부동산_토지 | B12: 24702221753 | C12: =IFERROR(_xlfn.XLOOKUP(A12,데이터개요_계정별!$A$2:$A$400,데이터개요_계정별!$C$2:$C$400,,0,),0) -> 4280784678 | D12: ='4600_투자부동산_매각예정자산대체'!E37 -> 7072519926 | E12: =B12+C12-D12 -> 21910486505 | H12: =E12+F12+G12 -> 21910486505
A13: 투자부동산_건물 | B13: 4713606359 | C13: =IFERROR(_xlfn.XLOOKUP(A13,데이터개요_계정별!$A$2:$A$400,데이터개요_계정별!$C$2:$C$400,,0,),0) -> 12292305202 | D13: ='4600_투자부동산_매각예정자산대체'!E38 -> 11147763220 | E13: =B13+C13-D13 -> 5858148341 | H13: =E13+F13+G13 -> 5858148341
A14: 투자부동산_건설중인자산 | B14: 10503197992 | C14: =IFERROR(_xlfn.XLOOKUP(A14,데이터개요_계정별!$A$2:$A$400,데이터개요_계정별!$C$2:$C$400,,0,),0) -> 644565228 | D14: =IFERROR(_xlfn.XLOOKUP(A14,데이터개요_계정별!$A$2:$A$400,데이터개요_계정별!$G$2:$G$400,,0,),0) -> 11147763220 | E14: =B14+C14-D14 -> 0 | H14: =E14+F14+G14 -> 0
C15: `
A18: 합 계 | B18: =SUM(B12:B16) -> 39919026104 | C18: =SUM(C12:C16) -> 17217655108 | D18: =SUM(D12:D16) -> 29368046366 | E18: =SUM(E12:E16) -> 27768634846 | F18: =SUM(F12:F16) -> 0 | G18: =SUM(G12:G16) -> 0 | H18: =SUM(H12:H16) -> 27768634846
A20: 감가상각누계액 | I20: 비 고
A21: ACCOUNT | B21: 전기잔액 | C21: INCREASE | D21: DECREASE | E21: PER BOOK | F21: AJE | G21: RES | H21: FINAL | I21: Refer | J21: NOTE
A22: 투자부동산_건물감가상각누계액 | B22: -864161100 | C22: =-IFERROR(_xlfn.XLOOKUP(A22,데이터개요_계정별!$A$2:$A$400,데이터개요_계정별!$G$2:$G$400,,0,),0) -> -374490987 | D22: =-'4600_투자부동산_매각예정자산대체'!C37 -> -67022507 | E22: =B22+C22-D22 -> -1171629580 | H22: =E22+F22+G22 -> -1171629580 | I22: C720
A24: 손상차손누계액 | I24: 비 고
A25: ACCOUNT | B25: 전기잔액 | C25: INCREASE | D25: DECREASE | E25: PER BOOK | F25: AJE | G25: RES | H25: FINAL | I25: Refer | J25: NOTE
A26: 투자부동산_건물 손상차손누계액 | B26: 0 | C26: =-IFERROR(_xlfn.XLOOKUP(A26,데이터개요_계정별!$A$2:$A$400,데이터개요_계정별!$G$2:$G$400,,0,),0) -> -3105062380 | D26: =C26 -> -3105062380 | E26: =B26+C26-D26 -> 0 | H26: =E26+F26+G26 -> 0 | I26: C720
A27: 투자부동산_건설중인자산 손상차손누계액 | B27: -3105062380 | C27: =-IFERROR(_xlfn.XLOOKUP(A27,데이터개요_계정별!$A$2:$A$400,데이터개요_계정별!$G$2:$G$400,,0,),0) -> 3105062380 | D27: =-IFERROR(_xlfn.XLOOKUP(A27,데이터개요_계정별!$A$2:$A$300,데이터개요_계정별!$C$2:$C$300,,0,),0) -> 0 | E27: =B27+C27-D27 -> 0
A29: 증감 구분
A30: ACCOUNT | B30: 증가 | E30: 감소
B31: 취득 | C31: 대체 | D31: 합계 | E31: 처분 | F31: 대체 | G31: 합계
A32: 투자부동산_토지 | B32: =SUMIFS('4600_투자부동산_증가'!$G$8:$G$100,'4600_투자부동산_증가'!$E$8:$E$100,'4600_투자부동산'!A32,'4600_투자부동산_증가'!$W$8:$W$100,'4600_투자부동산'!$B$31) -> 0 | C32: =SUMIFS('4600_투자부동산_증가'!$G$8:$G$100,'4600_투자부동산_증가'!$E$8:$E$100,'4600_투자부동산'!A32,'4600_투자부동산_증가'!$W$8:$W$100,'4600_투자부동산'!$C$31) -> 4280784678 | D32: =B32+C32 -> 4280784678 | E32: =SUMIFS('4600_투자부동산_감소'!$H$8:$H$40,'4600_투자부동산_감소'!$E$8:$E$40,'4600_투자부동산'!A32,'4600_투자부동산_감소'!$W$8:$W$40,'4600_투자부동산'!$E$31) -> 0 | F32: =SUMIFS('4600_투자부동산_감소'!$H$8:$H$40,'4600_투자부동산_감소'!$E$8:$E$40,'4600_투자부동산'!A32,'4600_투자부동산_감소'!$W$8:$W$40,'4600_투자부동산'!$F$31) -> 0 | G32: =SUM(E32:F32) -> 0 | H32: =D32=C12 -> TRUE | I32: =G32=D12 -> FALSE
A33: 투자부동산_건물 | B33: =SUMIFS('4600_투자부동산_증가'!$G$8:$G$100,'4600_투자부동산_증가'!$E$8:$E$100,'4600_투자부동산'!A33,'4600_투자부동산_증가'!$W$8:$W$100,'4600_투자부동산'!$B$31) -> 0 | C33: =SUMIFS('4600_투자부동산_증가'!$G$8:$G$100,'4600_투자부동산_증가'!$E$8:$E$100,'4600_투자부동산'!A33,'4600_투자부동산_증가'!$W$8:$W$100,'4600_투자부동산'!$C$31) -> 12292305202 | D33: =B33+C33 -> 12292305202 | E33: =SUMIFS('4600_투자부동산_감소'!$H$8:$H$40,'4600_투자부동산_감소'!$E$8:$E$40,'4600_투자부동산'!A33,'4600_투자부동산_감소'!$W$8:$W$40,'4600_투자부동산'!$E$31) -> 0 | F33: =SUMIFS('4600_투자부동산_감소'!$H$8:$H$40,'4600_투자부동산_감소'!$E$8:$E$40,'4600_투자부동산'!A33,'4600_투자부동산_감소'!$W$8:$W$40,'4600_투자부동산'!$F$31) -> 0 | G33: =SUM(E33:F33) -> 0 | H33: =D33=C13 -> TRUE | I33: =G33=D13 -> FALSE
A34: 투자부동산_건설중인자산 | B34: =SUMIFS('4600_투자부동산_증가'!$G$8:$G$100,'4600_투자부동산_증가'!$E$8:$E$100,'4600_투자부동산'!A34,'4600_투자부동산_증가'!$W$8:$W$100,'4600_투자부동산'!$B$31) -> 644565228 | C34: =SUMIFS('4600_투자부동산_증가'!$G$8:$G$100,'4600_투자부동산_증가'!$E$8:$E$100,'4600_투자부동산'!A34,'4600_투자부동산_증가'!$W$8:$W$100,'4600_투자부동산'!$C$31) -> 0 | D34: =B34+C34 -> 644565228 | E34: =SUMIFS('4600_투자부동산_감소'!$H$8:$H$40,'4600_투자부동산_감소'!$E$8:$E$40,'4600_투자부동산'!A34,'4600_투자부동산_감소'!$W$8:$W$40,'4600_투자부동산'!$E$31) -> 0 | F34: =SUMIFS('4600_투자부동산_감소'!$H$8:$H$40,'4600_투자부동산_감소'!$E$8:$E$40,'4600_투자부동산'!A34,'4600_투자부동산_감소'!$W$8:$W$40,'4600_투자부동산'!$F$31) -> 11147763220 | G34: =SUM(E34:F34) -> 11147763220 | H34: =D34=C14 -> TRUE | I34: =G34=D14 -> TRUE
A35: 합 계 | B35: =SUM(B32:B34) -> 644565228 | C35: =SUM(C32:C34) -> 16573089880 | D35: =SUM(D32:D34) -> 17217655108 | E35: =SUM(E32:E34) -> 0 | F35: =SUM(F32:F34) -> 11147763220 | G35: =SUM(G32:G34) -> 11147763220
A37: 대체증감 | B37: 부동산_건설중인자산에서 | C37: 유형자산에서 | D37: 합계 | F37: 대체감소 | G37: 투자부동산_토지로 | H37: 투자부동산_건물로 | I37: 매각예정자산으로 | J37: 합계
A38: 투자부동산_토지 | C38: ='4600_투자부동산_증가'!G11 -> 4280784678 | D38: =SUM(B38:C38) -> 4280784678 | E38: =D38=D32 -> TRUE | F38: 투자부동산_토지 | I38: ='4600_투자부동산_감소'!H12 -> 7072519926 | J38: =SUM(G38:I38) -> 7072519926
A39: 투자부동산_건물 | B39: ='4600_투자부동산_증가'!G17 -> 11147763220 | C39: ='4600_투자부동산_증가'!G18+'4600_투자부동산_증가'!G19 -> 1144541982 | D39: =SUM(B39:C39) -> 12292305202 | E39: =D39=D33 -> TRUE | F39: 투자부동산_건물 | I39: ='4600_투자부동산_감소'!H21 -> 11147763220 | J39: =SUM(G39:I39) -> 11147763220
A40: 투자부동산_건설중인자산 | D40: =SUM(B40:C40) -> 0 | F40: 투자부동산_건설중인자산 | H40: =F34 -> 11147763220 | J40: =SUM(G40:I40) -> 11147763220
A41: 투자부동산_건물감가상각누계액 | C41: ='4700_유형자산'!H78 -> -225729098 | D41: =SUM(B41:C41) -> -225729098
F42: 투자부동산_건물 손상차손누계액 | I42: =D26 -> -3105062380 | J42: =SUM(G42:I42) -> -3105062380
B43: =SUM(B38:B39) -> 11147763220 | C43: =SUM(C38:C39) -> 5425326660 | D43: =SUM(D38:D39) -> 16573089880 | G43: =SUM(G38:G41) -> 0 | H43: =SUM(H38:H42) -> 11147763220 | I43: =SUM(I38:I42) -> 15115220766 | J43: =SUM(J38:J42) -> 26262983986
B44: 유형자산에서 대체된 금액은 신규로 임대계약이 체결된 토지.건물로 임대차계약서 확인
B45: 투자부동산_건물상각비 | C45: =C22-C41 -> -148761889
A46: ▶ 증감분석
A47: ACCOUNT | B47: 증감금액 | C47: 증감비율 | D47: 비 고
A48: 투자부동산_토지 | B48: =E12-B12 -> -2791735248 | C48: =B48/B12 -> -0.11301555
A49: 투자부동산_건물 | B49: =E13-B13 -> 1144541982 | C49: =B49/B13 -> 0.24281662 | E49: 투자부동산_건설중인자산에서 대체되어 증가
A50: 투자부동산_건설중인자산 | B50: =E14-B14 -> -10503197992 | C50: =B50/B14 -> -1 | E50: 투자부동산_건물로 대체되어 감소
A51: 투자부동산_건물감가상각누계액 | B51: =E22-B22 -> -307468480 | C51: =B51/B22 -> 0.35579995
A54: ▶ 감사절차 (Audit Procedures)
A55: No. | B55: 감사절차 | E55: 경영진 주장 | G55: 수행여부 | H55: 조서번호 | I55: 비 고
A56: 1 | B56: [총괄표 작성 및 전기 대비 검토] 당기말 잔액을 총계정원장과, 전기말 잔액은 전기감사보고서와 대조한다. 사용권자산(리스) 포함 여부를 확인하고 양연도간 유의적 변동원인을 파악한다. | E56: E, C, CL | G56: 완료 | H56: 4600_투자부동산
A57: 2 | B57: [투자부동산 명세서 검증] 투자부동산 명세서를 입수하여 계산검증하고 잔액이 보조부와 일치하는지 확인한다. | E57: C, V | G57: 완료 | H57: 4600_투자부동산명세
A58: 3 | B58: [실재성 및 소유권 확인] 중요 항목은 등기부등본을 직접 확인하여 소유권 귀속 및 담보·가압류 등 제한사항을 파악한다. 주총·이사회 의사록, 보험계약서를 검토하여 투자부동산 분류 적정성을 확인한다. | E58: E, RO | G58: 완료 | H58: 4600-매각예정자산대체
A59: 4 | B59: [회계정책(원가모형/공정가치모형) 이해 및 평가] 원가모형 또는 공정가치모형 적용 여부를 확인하고 전기 대비 일관성을 검토한다. 모형 변경 시 변경 사유와 소급 적용 여부를 확인한다. | E59: V, A | G59: 완료 | H59: 4600-투자부동산_회계처리
A60: 5 | B60: [공정가치 평가 적정성 검토] 공정가치 계산 근거자료를 검토하고 경영진에게 질문한다. 외부평가인 사용 시 전문적 자격·독립성·평가 경험을 확인한다. 신뢰성 있는 측정 불가 시 원가모형 적용의 타당성을 검토한다. 공정가치 평가손익이 당기손익으로 적절히 반영되었는지 확인한다. | E60: V, A | G60: 해당없음
A61: 6 | B61: [감가상각비 검토 (원가모형 적용 시)] 상각방법·내용연수·잔존가치의 전기 대비 일관성을 검토하고 감가상각비를 재계산한다. | E61: V, A | G61: 완료 | H61: 4600-투자부동산_감가상각비
A62: 7 | B62: [관련 손익계정 연계 검토] 임대수익, 투자부동산 처분손익, 공정가치 평가손익이 적정하게 계상되었는지 관련 손익계정과 연결하여 확인한다. | E62: C, V, A | G62: 완료 | H62: 4600-매각예정자산대체
A63: 8 | B63: [유형자산과의 분류 적정성 검토] 유형자산 명세서 중 임대수익·시세차익 목적 보유 부동산이 투자부동산으로 분류되었는지 확인한다. 매각예정비유동자산 해당 여부도 검토한다. | E63: E, CL | G63: 완료
A64: 9 | B64: [투자부동산 대체 검토] 투자부동산으로/에서 대체한 경우 사유의 적정성과 대체 시점 공정가치 기준 회계처리 적정성을 검토한다. | E64: CL | G64: 완료 | H64: 4600-투자부동산
A65: 10 | B65: [재무제표 공시사항 검토] 공시사항 점검표에 따라 회계정책, 공정가치 측정방법, 임대수익, 담보제공 현황 등 주석 기재 충분성을 확인한다. | E65: C, CL, U, P | G65: 완료 | H65: 4600-주석
A67: ▶ 감사결론
A72: ※ 본 감사조서는 「주식회사 등의 외부감사에 관한 법률」에 따라 작성되었습니다.

Sheet 4600_투자부동산_회계처리
G2: 조서No. 4620
A3: 투자부동산
A4: 투자부동산 회계처리
A7: 1 | B7: 분류원칙 | C7: 임대수익이나 시세차익을 얻기 위하여 보유하고 있는 부동산을 투자부동산으로 분류
A8: 2 | B8: 취득시 | C8: 취득시 발생한 거래원가를 포함하여 최초 인식시점에서 원가로 측정
A9: 3 | B9: 취득후 | C9: 취득원가에서 감감상각누계액과 손상차손누계액을 차감한 금액을 장부금액으로 표시
C10: 후속원가는 자산으로부터 발생하는 미래경제적효익이 유입될 가능성이 높으며 그 원가를
C11: 신뢰성 있게 측정할 수 있는 경우에 한하여 자산의 장부금액에 포함하거나 적절한 경우 별도
C12: 의 자산으로 이식
A13: 4 | B13: 건물 상각내용연수 | C13: 30년
A14: 5 | B14: 건물 상각방법 | C14: 정액법
A15: 6 | B15: 손상차손 환입
C16: 구분 | D16: 주요 내용
C17: 환입의 조건 | D17: • 과거에 인식한 손상차손의 감소/소멸 징후 검토 후, 징후가 있을 시 회수가능액 추정
D19: • 직전 손상차손 인식 이후 회수가능액 산정 추정치가 달라진 경우에만 환입 가능
D21: • 주의: 단순한 시간 경과에 따른 현재가치 증가만으로는 환입 불가
C22: 환입 한도 | D22: • 손상차손환입으로 증액되는 장부금액은 과거에 손상차손을 인식하지 않았을 경우의 장부금액(감가상각 후 잔액)을 초과할 수 없음
C23: 손익 인식 | D23: • 계산된 손상차손환입액은 즉시 당기손익으로 인식하여 장부금액을 증액함
C24: 후속 감가상각비 조정 | D24: • 환입 인식 후에는 **(수정된 장부금액 - 잔존가치)**를 남은 내용연수에 걸쳐 체계적으로 배분하도록 미래 기간의 감가상각비를 조정해야 함

Sheet 4600_투자부동산_매각예정자산대체
A2: 주식회사 경남제약 | G2: 조서No. 4630
A3: 투자부동산
A4: 투자부동산 매각예정자산대체
A7: 개요 | B7: 회사는 당반기 중 신당동소재 투자부동산을 관계횟인 아센디오에 매각계약을 체결함
A8: 계약체결일 | B8: 46210
A9: 양수기준일 | B9: 46244
A10: 등기예정일 | B10: 46245
A11: 매매금액 | B11: 13100369000
A12: 거래형태 | B12: 아센디오에 대한 현물출자
A13: 외부평가기관 | B13: 성운회계법인
A14: 외부평가기관의 의견 | B14: 적정
A15: 감정평가기관 | B15: 미래새한감정평가법인
A16: 소재지 | B16: 서울 중구 신당동 60-14,15,16
A17: 면젹 | B17: 토지: 461.7, 건물: 1,959.12
A18: 평가액
A19: 토지 | B19: 공시지가 기준일에 의한 토지단가(원/m2) | C19: 거래사례비교법에 의한 토지단가(원/m2) | D19: 결정단가(원/m2) | E19: 면적 | F19: 감정가액
B20: 17400000 | C20: 17900000 | D20: =B20 -> 17400000 | E20: 461.7 | F20: =D20*E20 -> 8033580000
A22: 건물 | B22: 층별 | C22: 공부면적 | D22: 사정면적 | E22: 적용단가 1) | F22: 감정가액
B23: 지3층 | C23: 95.49 | D23: =SUM(C23:C31) -> 1938.41 | E23: 2600000 | F23: =D23*E23 -> 5.039866e+09
B24: 지2층 | C24: 326.49
B25: 지1층 | C25: 333.98
B26: 1층 | C26: 203.96
B27: 2층 | C27: 226.99
B28: 3층 | C28: 218.37
B29: 4층 | C29: 209.24
B30: 5층 | C30: 183.74
B31: 6층 | C31: 140.15
B32: 옥탑1층 | C32: 20.71 | D32: 20.71 | E32: 1300000 | F32: =D32*E32 -> 26923000
B33: 합계 | F33: =SUM(F23:F32) -> 5.066789e+09
F34: =F33+F20=B11 -> TRUE
B35: 1) 적용단가는 재조달원가를 사용
A37: 매각예정자산대체분개> | B37: 투자부동산_건물감가상각누계액 | C37: 67022507 | D37: 투자부동산_토지 | E37: 7072519926
B38: 투자부동산_건물손상차손누계액 | C38: =-'4600_투자부동산'!E26 -> 0 | D38: 투자부동산_건물 | E38: 11147763220
B39: 매각예정자산 | C39: =B11 -> 13100369000
B40: 매갹예정자산 손상차손 | C40: =E37+E38-C37-C38-C39 -> 5052891639

Sheet 4600_투자부동산_증가
A2: =기본사항!C8 -> 주식회사 경남제약 | G2: 조서No. 4601
A3: 투자부동산
A4: 투자부동산 증감
A6: 투자부동산_토지증가>
A7: 전표일자 | B7: 전표번호 | C7: 부서 | D7: 사원명 | E7: 계정명 | F7: 차대구분 | G7: 차변 | H7: 대변 | I7: 적요 | J7: 승인요청일 | K7: 지급요청일 | L7: 반제일자 | M7: 거래처 | N7: 거래처명 | O7: 전표상태 | P7: 처리사유 | Q7: 등록일자 | R7: 회계번호 | S7: 승인자 | T7: 전표유형 | U7: 구분 | V7: PK | W7: 구분
A8: 46175 | B8: A0005 | C8: 재무팀 | D8: 서정아 | E8: 투자부동산_토지 | F8: 차변 | G8: 2140392339 | H8: 0 | I8: 225013 경남제약타워 9층 사용 용도 변경으로 인한 유형자산↔투자부동산 대체 | O8: 승인 | Q8: 46175 | R8: 20260602A0005 | T8: 경리전표 | U8: 당기 | V8: 000A0005 | W8: 대체
A9: 46175 | B9: A0006 | C9: 재무팀 | D9: 서정아 | E9: 투자부동산_토지 | F9: 차변 | G9: 2140392339 | H9: 0 | I9: 225013 경남제약타워 11층 사용 용도 변경으로 인한 유형자산↔투자부동산 대체 | O9: 승인 | Q9: 46175 | R9: 20260602A0006 | T9: 경리전표 | U9: 당기 | V9: 000A0006 | W9: 대체
G11: =SUM(G8:G10) -> 4280784678 | H11: =G11='4600_투자부동산'!C12 -> TRUE
A15: 투자부동산_건물증가>
A16: 전표일자 | B16: 전표번호 | C16: 부서 | D16: 사원명 | E16: 계정명 | F16: 차대구분 | G16: 차변 | H16: 대변 | I16: 적요 | J16: 승인요청일 | K16: 지급요청일 | L16: 반제일자 | M16: 거래처 | N16: 거래처명 | O16: 전표상태 | P16: 처리사유 | Q16: 등록일자 | R16: 회계번호 | S16: 승인자 | T16: 전표유형 | U16: 구분 | V16: PK | W16: 구분
A17: 46114 | B17: A0005 | C17: 재무팀 | D17: 서정아 | E17: 투자부동산_건물 | F17: 차변 | G17: 11147763220 | H17: 0 | I17: 225013 신당동 160-14,15,16 건물 | O17: 승인 | Q17: 46114 | R17: 20260402A0005 | T17: 경리전표 | U17: 당기 | V17: 000A0005 | W17: 대체
A18: 46175 | B18: A0005 | C18: 재무팀 | D18: 서정아 | E18: 투자부동산_건물 | F18: 차변 | G18: 572270991 | H18: 0 | I18: 225013 경남제약타워 9층 사용 용도 변경으로 인한 유형자산↔투자부동산 대체 | O18: 승인 | Q18: 46175 | R18: 20260602A0005 | T18: 경리전표 | U18: 당기 | V18: 000A0005 | W18: 대체
A19: 46175 | B19: A0006 | C19: 재무팀 | D19: 서정아 | E19: 투자부동산_건물 | F19: 차변 | G19: 572270991 | H19: 0 | I19: 225013 경남제약타워 11층 사용 용도 변경으로 인한 유형자산↔투자부동산 대체 | O19: 승인 | Q19: 46175 | R19: 20260602A0006 | T19: 경리전표 | U19: 당기 | V19: 000A0006 | W19: 대체
G21: =SUM(G17:G20) -> 12292305202 | H21: =G21='4600_투자부동산'!C13 -> TRUE
A24: 투자부동산_건설중인자산 증가>
A25: 전표일자 | B25: 전표번호 | C25: 부서 | D25: 사원명 | E25: 계정명 | F25: 차대구분 | G25: 차변 | H25: 대변 | I25: 적요 | J25: 승인요청일 | K25: 지급요청일 | L25: 반제일자 | M25: 거래처 | N25: 거래처명 | O25: 전표상태 | P25: 처리사유 | Q25: 등록일자 | R25: 회계번호 | S25: 승인자 | T25: 전표유형 | U25: 구분 | V25: PK | W25: 구분
A26: 46028 | B26: R0005 | C26: 인사팀 | D26: 김우진 | E26: 투자부동산_건설중인자산 | F26: 차변 | G26: 2000000 | H26: 0 | I26: 225013 신당동 160-14외2필지 사용승인 서류 중 건축물관리계획서 작성 업체 지급 건 / 202601-인사팀-13 | J26: 2026-01-06 | M26: R07530 | N26: 주식회사 건물닥터 | O26: 승인 | Q26: 46028 | R26: 20260106R0002 | S26: 김규리 | T26: 결의전표 | U26: 당기 | V26: 000R0005 | W26: 취득
A27: 46028 | B27: R0006 | C27: 인사팀 | D27: 김우진 | E27: 투자부동산_건설중인자산 | F27: 차변 | G27: 11500000 | H27: 0 | I27: 225013 투자 부동산 신당동 소방전기통신 감리 필증 완료 잔급 지급 건 / 202601-인사팀-30 | J27: 2026-01-06 | M27: R07121 | N27: 주식회사 신화에이앤씨(구.신화제이비) | O27: 승인 | Q27: 46028 | R27: 20260106R0005 | S27: 박재윤 | T27: 결의전표 | U27: 당기 | V27: 000R0006 | W27: 취득
A28: 46034 | B28: R0003 | C28: 인사팀 | D28: 김우진 | E28: 투자부동산_건설중인자산 | F28: 차변 | G28: 15000000 | H28: 0 | I28: 225013 투자 부동산 신당동 엠엔지종합건설 12차36회 나은티에스아이 기성금 직불 건 / 202601-인사팀-36 | J28: 2026-01-12 | M28: R06988 | N28: (주)나은티에스아이 | O28: 승인 | Q28: 46034 | R28: 20260112R0002 | S28: 김규리 | T28: 결의전표 | U28: 당기 | V28: 000R0003 | W28: 취득
A29: 46035 | B29: R0008 | C29: 인사팀 | D29: 김우진 | E29: 투자부동산_건설중인자산 | F29: 차변 | G29: 15970000 | H29: 0 | I29: 225013 투자 부동산 신당동 엠엔지종합건설 12차37회 범한 기성금 직불 건 / 202601-인사팀-57 | J29: 2026-01-13 | M29: R07416 | N29: 범한 | O29: 승인 | Q29: 46035 | R29: 20260113R0005 | S29: 김규리 | T29: 결의전표 | U29: 당기 | V29: 000R0008 | W29: 취득
A30: 46036 | B30: R0003 | C30: 인사팀 | D30: 김우진 | E30: 투자부동산_건설중인자산 | F30: 차변 | G30: 18540140 | H30: 0 | I30: 225013 투자부동산 신당동(160-14 외2필지) 하수도원인자부담금 지급 건/ 202601-인사팀- | J30: 2026-01-14 | M30: R06961 | N30: 서울시중구청 | O30: 승인 | Q30: 46036 | R30: 20260114R0001 | S30: 박재윤 | T30: 결의전표 | U30: 당기 | V30: 000R0003 | W30: 취득
A31: 46040 | B31: R0001 | C31: 인사팀 | D31: 김우진 | E31: 투자부동산_건설중인자산 | F31: 차변 | G31: 1614228 | H31: 0 | I31: 225013 신당동 160-14,15,16 12월 전기 요금 / 202508-인사팀-40 | J31: 2026-01-18 | M31: R01229 | N31: 한국전력공사(통합) | O31: 승인 | Q31: 46040 | R31: 20260118R0001 | S31: 박재윤 | T31: 결의전표 | U31: 당기 | V31: 000R0001 | W31: 취득
A32: 46040 | B32: R0001 | C32: 인사팀 | D32: 김우진 | E32: 투자부동산_건설중인자산 | F32: 차변 | G32: 43580 | H32: 0 | I32: 225013 전력기금 | J32: 2026-01-18 | M32: R01229 | N32: 한국전력공사(통합) | O32: 승인 | Q32: 46040 | R32: 20260118R0001 | S32: 박재윤 | T32: 결의전표 | U32: 당기 | V32: 000R0001 | W32: 취득
A33: 46042 | B33: R0006 | C33: 인사팀 | D33: 김우진 | E33: 투자부동산_건설중인자산 | F33: 차변 | G33: 120000 | H33: 0 | I33: 225013 신당동 160-14외2필지 전기안전관리자 수수료 01월 비용 / 202507-인사팀-84 | J33: 2026-01-20 | M33: R07417 | N33: 극동파워테크 | O33: 승인 | Q33: 46042 | R33: 20260120R0002 | S33: 김규리 | T33: 결의전표 | U33: 당기 | V33: 000R0006 | W33: 취득
A34: 46042 | B34: R0012 | C34: 인사팀 | D34: 김우진 | E34: 투자부동산_건설중인자산 | F34: 차변 | G34: 150000 | H34: 0 | I34: 225013 신당동 160-14외2필지 승강기 유지관리 01월 비용 / 202512-인사팀-65 | J34: 2026-01-20 | M34: R07538 | N34: 현대엘리베이터(주) 강북지사 | O34: 승인 | Q34: 46042 | R34: 20260120R0005 | S34: 김규리 | T34: 결의전표 | U34: 당기 | V34: 000R0012 | W34: 취득
A35: 46053 | B35: A0015 | C35: 재무팀 | D35: 서정아 | E35: 투자부동산_건설중인자산 | F35: 차변 | G35: 4813150 | H35: 0 | I35: 225013 2026.01 이자비용 (신한40억) 차입원가 자본화 계정 대체 | M35: P00190 | N35: 신한은행 압구정역기업금융 | O35: 승인 | Q35: 46053 | R35: 20260131A0015 | T35: 경리전표 | U35: 당기 | V35: 000A0015 | W35: 취득
A36: 46053 | B36: A0015 | C36: 재무팀 | D36: 서정아 | E36: 투자부동산_건설중인자산 | F36: 차변 | G36: 7620822 | H36: 0 | I36: 225013 2026.01 이자비용 (신한40억) 차입원가 자본화 계정 대체 | M36: P00190 | N36: 신한은행 압구정역기업금융 | O36: 승인 | Q36: 46053 | R36: 20260131A0015 | T36: 경리전표 | U36: 당기 | V36: 000A0015 | W36: 취득
A37: 46063 | B37: R0002 | C37: 인사팀 | D37: 김우진 | E37: 투자부동산_건설중인자산 | F37: 차변 | G37: 90890 | H37: 0 | I37: 225013 신당동 160-14,15,16 수도 요금 11.23 ~ 01.22 / 202510-인사팀-32 | J37: 2026-02-10 | M37: R07350 | N37: 중부수도사업소 | O37: 승인 | Q37: 46063 | R37: 20260210R0002 | S37: 김규리 | T37: 결의전표 | U37: 당기 | V37: 000R0002 | W37: 취득
A38: 46063 | B38: R0004 | C38: 인사팀 | D38: 김우진 | E38: 투자부동산_건설중인자산 | F38: 차변 | G38: 11300000 | H38: 0 | I38: 225013 투자 부동산 신당동 엠엔지종합건설 12차38회 단우건설 기성금 직불 건 / 202601-인사팀-57 | J38: 2026-02-10 | M38: R07326 | N38: 단우건설(주) | O38: 승인 | Q38: 46063 | R38: 20260210R0004 | S38: 김규리 | T38: 결의전표 | U38: 당기 | V38: 000R0004 | W38: 취득
A39: 46063 | B39: R0004 | C39: 인사팀 | D39: 김우진 | E39: 투자부동산_건설중인자산 | F39: 차변 | G39: 9454545 | H39: 0 | I39: 225013 투자 부동산 신당동 엠엔지종합건설 12차38회 유현이앤지 기성금 직불 건 / 202601-인사팀-57 | J39: 2026-02-10 | M39: R07486 | N39: 유현이앤지 주식회사 | O39: 승인 | Q39: 46063 | R39: 20260210R0004 | S39: 김규리 | T39: 결의전표 | U39: 당기 | V39: 000R0004 | W39: 취득
A40: 46064 | B40: R0003 | C40: 인사팀 | D40: 김우진 | E40: 투자부동산_건설중인자산 | F40: 차변 | G40: 15000000 | H40: 0 | I40: 225013 투자 부동산 신당동 엠엔지종합건설 12차39회 범한 기성금 직불 건 / 202602-인사팀-34 | J40: 2026-02-11 | M40: R07416 | N40: 범한 | O40: 승인 | Q40: 46064 | R40: 20260211R0002 | S40: 김규리 | T40: 결의전표 | U40: 당기 | V40: 000R0003 | W40: 취득
A41: 46071 | B41: R0001 | C41: 인사팀 | D41: 김우진 | E41: 투자부동산_건설중인자산 | F41: 차변 | G41: 35500 | H41: 0 | I41: 225013 전력기금 | J41: 2026-02-18 | M41: R01229 | N41: 한국전력공사(통합) | O41: 승인 | Q41: 46071 | R41: 20260218R0001 | S41: 김규리 | T41: 결의전표 | U41: 당기 | V41: 000R0001 | W41: 취득
A42: 46071 | B42: R0001 | C42: 인사팀 | D42: 김우진 | E42: 투자부동산_건설중인자산 | F42: 차변 | G42: 1314880 | H42: 0 | I42: 225013 신당동 160-14,15,16 2월 전기 요금 / 202508-인사팀-40 | J42: 2026-02-18 | M42: R01229 | N42: 한국전력공사(통합) | O42: 승인 | Q42: 46071 | R42: 20260218R0001 | S42: 김규리 | T42: 결의전표 | U42: 당기 | V42: 000R0001 | W42: 취득
A43: 46073 | B43: R0004 | C43: 인사팀 | D43: 김우진 | E43: 투자부동산_건설중인자산 | F43: 차변 | G43: 120000 | H43: 0 | I43: 225013 신당동 160-14외2필지 전기안전관리자 수수료 02월 비용 / 202507-인사팀-84 | J43: 2026-02-20 | M43: R07417 | N43: 극동파워테크 | O43: 승인 | Q43: 46073 | R43: 20260220R0003 | S43: 김규리 | T43: 결의전표 | U43: 당기 | V43: 000R0004 | W43: 취득
A44: 46073 | B44: R0005 | C44: 인사팀 | D44: 김우진 | E44: 투자부동산_건설중인자산 | F44: 차변 | G44: 150000 | H44: 0 | I44: 225013 신당동 160-14외2필지 승강기 유지관리 02월 비용 / 202512-인사팀-65 | J44: 2026-02-20 | M44: R07538 | N44: 현대엘리베이터(주) 강북지사 | O44: 승인 | Q44: 46073 | R44: 20260220R0002 | S44: 김규리 | T44: 결의전표 | U44: 당기 | V44: 000R0005 | W44: 취득
A45: 46077 | B45: R0016 | C45: 인사팀 | D45: 김우진 | E45: 투자부동산_건설중인자산 | F45: 차변 | G45: 5440000 | H45: 0 | I45: 225013 투자 부동산 신당동 엠엔지종합건설 12차40회 은혜종합건축 기성금 직불 건 / 202603-인사팀-4 | J45: 2026-02-24 | M45: R07433 | N45: 은혜종합건축 | O45: 승인 | Q45: 46077 | R45: 20260224R0003 | S45: 김규리 | T45: 결의전표 | U45: 당기 | V45: 000R0016 | W45: 취득
A46: 46077 | B46: R0016 | C46: 인사팀 | D46: 김우진 | E46: 투자부동산_건설중인자산 | F46: 차변 | G46: 4000000 | H46: 0 | I46: 225013 투자 부동산 신당동 엠엔지종합건설 12차40회 주당공사 기성금 직불 건 / 202603-인사팀-4 | J46: 2026-02-24 | M46: R07403 | N46: 주당공사 | O46: 승인 | Q46: 46077 | R46: 20260224R0003 | S46: 김규리 | T46: 결의전표 | U46: 당기 | V46: 000R0016 | W46: 취득
A47: 46077 | B47: R0016 | C47: 인사팀 | D47: 김우진 | E47: 투자부동산_건설중인자산 | F47: 차변 | G47: 1970000 | H47: 0 | I47: 225013 투자 부동산 신당동 엠엔지종합건설 12차40회 화니건설 기성금 직불 건 / 202603-인사팀-4 | J47: 2026-02-24 | M47: R07478 | N47: 화니건설(주) | O47: 승인 | Q47: 46077 | R47: 20260224R0003 | S47: 김규리 | T47: 결의전표 | U47: 당기 | V47: 000R0016 | W47: 취득
A48: 46081 | B48: A0010 | C48: 재무팀 | D48: 서정아 | E48: 투자부동산_건설중인자산 | F48: 차변 | G48: 4813150 | H48: 0 | I48: 225013 2026.02 이자비용 (신한40억) 차입원가 자본화 계정 대체 | M48: P00190 | N48: 신한은행 압구정역기업금융 | O48: 승인 | Q48: 46081 | R48: 20260228A0010 | T48: 경리전표 | U48: 당기 | V48: 000A0010 | W48: 취득
A49: 46081 | B49: A0010 | C49: 재무팀 | D49: 서정아 | E49: 투자부동산_건설중인자산 | F49: 차변 | G49: 6417534 | H49: 0 | I49: 225013 2026.02 이자비용 (신한40억) 차입원가 자본화 계정 대체 | M49: P00190 | N49: 신한은행 압구정역기업금융 | O49: 승인 | Q49: 46081 | R49: 20260228A0010 | T49: 경리전표 | U49: 당기 | V49: 000A0010 | W49: 취득
A50: 46099 | B50: R0001 | C50: 인사팀 | D50: 김우진 | E50: 투자부동산_건설중인자산 | F50: 차변 | G50: 45860 | H50: 0 | I50: 225013 전력기금 | J50: 2026-03-18 | M50: R01229 | N50: 한국전력공사(통합) | O50: 승인 | Q50: 46099 | R50: 20260318R0002 | S50: 김규리 | T50: 결의전표 | U50: 당기 | V50: 000R0001 | W50: 취득
A51: 46099 | B51: R0001 | C51: 인사팀 | D51: 김우진 | E51: 투자부동산_건설중인자산 | F51: 차변 | G51: 1698770 | H51: 0 | I51: 225013 신당동 160-14,15,16 3월 전기 요금 / 202508-인사팀-40 | J51: 2026-03-18 | M51: R01229 | N51: 한국전력공사(통합) | O51: 승인 | Q51: 46099 | R51: 20260318R0002 | S51: 김규리 | T51: 결의전표 | U51: 당기 | V51: 000R0001 | W51: 취득
A52: 46101 | B52: R0001 | C52: 인사팀 | D52: 김우진 | E52: 투자부동산_건설중인자산 | F52: 차변 | G52: 150000 | H52: 0 | I52: 225013 신당동 160-14외2필지 승강기 유지관리 03월 비용 / 202512-인사팀-65 | J52: 2026-03-20 | M52: R07538 | N52: 현대엘리베이터(주) 강북지사 | O52: 승인 | Q52: 46101 | R52: 20260320R0001 | S52: 김규리 | T52: 결의전표 | U52: 당기 | V52: 000R0001 | W52: 취득
A53: 46101 | B53: R0013 | C53: 인사팀 | D53: 김우진 | E53: 투자부동산_건설중인자산 | F53: 차변 | G53: 120000 | H53: 0 | I53: 225013 신당동 160-14외2필지 전기안전관리자 수수료 03월 비용 / 202507-인사팀-84 | J53: 2026-03-20 | M53: R07417 | N53: 극동파워테크 | O53: 승인 | Q53: 46101 | R53: 20260320R0010 | S53: 김규리 | T53: 결의전표 | U53: 당기 | V53: 000R0013 | W53: 취득
A54: 46104 | B54: R0004 | C54: 인사팀 | D54: 김우진 | E54: 투자부동산_건설중인자산 | F54: 차변 | G54: 2800000 | H54: 0 | I54: 225013 신당동 160-14,15,16 보존등기 법무사 수수료 / 202603-인사팀-40 | J54: 2026-03-23 | M54: R07070 | N54: 담연법무사사무소 | O54: 승인 | Q54: 46104 | R54: 20260323R0003 | S54: 김규리 | T54: 결의전표 | U54: 당기 | V54: 000R0004 | W54: 취득
A55: 46112 | B55: A0024 | C55: 재무팀 | D55: 서정아 | E55: 투자부동산_건설중인자산 | F55: 차변 | G55: 7620821 | H55: 0 | I55: 225013 2026.03 이자비용 (신한40억) 차입원가 자본화 계정 대체 | M55: P00190 | N55: 신한은행 압구정역기업금융 | O55: 승인 | Q55: 46112 | R55: 20260331A0024 | T55: 경리전표 | U55: 당기 | V55: 000A0024 | W55: 취득
A56: 46112 | B56: A0028 | C56: 재무팀 | D56: 서정아 | E56: 투자부동산_건설중인자산 | F56: 차변 | G56: 150514698 | H56: 0 | I56: 225013 2026.1Q 차입원가 자본화 계정 대체 | M56: P00190 | N56: 신한은행 압구정역기업금융 | O56: 승인 | Q56: 46112 | R56: 20260331A0028 | T56: 경리전표 | U56: 당기 | V56: 000A0028 | W56: 취득
A57: 46112 | B57: A0024 | C57: 재무팀 | D57: 서정아 | E57: 투자부동산_건설중인자산 | F57: 차변 | G57: 4813150 | H57: 0 | I57: 225013 2026.03 이자비용 (신한40억) 차입원가 자본화 계정 대체 | M57: P00190 | N57: 신한은행 압구정역기업금융 | O57: 승인 | Q57: 46112 | R57: 20260331A0024 | T57: 경리전표 | U57: 당기 | V57: 000A0024 | W57: 취득
A58: 46112 | B58: R0115 | C58: 인사팀 | D58: 김우진 | E58: 투자부동산_건설중인자산 | F58: 차변 | G58: 339323510 | H58: 0 | I58: 225013 신당동 160-14,15,16 취득세 납부 / 202603-인사팀-40, 202603-인사팀-47 | J58: 2026-03-31 | M58: R06961 | N58: 서울시중구청 | O58: 승인 | Q58: 46112 | R58: 20260331R0068 | S58: 서정아 | T58: 결의전표 | U58: 당기 | V58: 000R0115 | W58: 취득
G60: =SUM(G26:G59) -> 644565228 | H60: =G60='4600_투자부동산'!C14 -> TRUE

Sheet 4600_투자부동산_감소
A2: =기본사항!C8 -> 주식회사 경남제약 | G2: 조서No. 4601
A3: 투자부동산
A4: 투자부동산 감소
A6: 투자부동산_토지감소>
A7: 전표일자 | B7: 전표번호 | C7: 부서 | D7: 사원명 | E7: 계정명 | F7: 차대구분 | G7: 차변 | H7: 대변 | I7: 적요 | J7: 승인요청일 | K7: 지급요청일 | L7: 반제일자 | M7: 거래처 | N7: 거래처명 | O7: 전표상태 | P7: 처리사유 | Q7: 등록일자 | R7: 회계번호 | S7: 승인자 | T7: 전표유형 | U7: 구분 | V7: PK | W7: 구분
A8: 46023 | B8: A0006 | C8: 재무팀 | D8: 서정아 | E8: 투자부동산_토지 | F8: 대변 | G8: 0 | H8: 545209561 | I8: 225013 강남구 언주로 702(B2층-전기실) 유형자산대체 | O8: 승인 | Q8: 46023 | R8: 20260101A0006 | T8: 경리전표 | U8: 당기 | V8: 000A0006 | W8: 대체
A9: 46023 | B9: A0006 | C9: 재무팀 | D9: 서정아 | E9: 투자부동산_토지 | F9: 대변 | G9: 0 | H9: 594368641 | I9: 225013 강남구 언주로 702(B3층-기계실) 유형자산대체 | O9: 승인 | Q9: 46023 | R9: 20260101A0006 | T9: 경리전표 | U9: 당기 | V9: 000A0006 | W9: 대체
A10: 46113 | B10: A0023 | C10: 재무팀 | D10: 서정아 | E10: 투자부동산_토지 | F10: 대변 | G10: 0 | H10: -545209561 | I10: 225013 강남구 언주로 702(B2층-전기실) 유형자산대체 | O10: 승인 | Q10: 46113 | R10: 20260401A0023 | T10: 경리전표 | U10: 당기 | V10: 000A0023 | W10: 대체
A11: 46113 | B11: A0023 | C11: 재무팀 | D11: 서정아 | E11: 투자부동산_토지 | F11: 대변 | G11: 0 | H11: -594368641 | I11: 225013 강남구 언주로 702(B3층-기계실) 유형자산대체 | O11: 승인 | Q11: 46113 | R11: 20260401A0023 | T11: 경리전표 | U11: 당기 | V11: 000A0023 | W11: 대체
E12: 투자부동산_토지 | F12: 대변 | H12: ='4600_투자부동산_매각예정자산대체'!E37 -> 7072519926 | I12: 매각예정자산대체
H13: =SUM(H8:H12) -> 7072519926 | I13: =H13='4600_투자부동산'!D12 -> TRUE
A15: 투자부동산_건물감소>
A16: 전표일자 | B16: 전표번호 | C16: 부서 | D16: 사원명 | E16: 계정명 | F16: 차대구분 | G16: 차변 | H16: 대변 | I16: 적요 | J16: 승인요청일 | K16: 지급요청일 | L16: 반제일자 | M16: 거래처 | N16: 거래처명 | O16: 전표상태 | P16: 처리사유 | Q16: 등록일자 | R16: 회계번호 | S16: 승인자 | T16: 전표유형 | U16: 구분 | V16: PK | W16: 구분
A17: 46023 | B17: A0006 | C17: 재무팀 | D17: 서정아 | E17: 투자부동산_건물 | F17: 대변 | G17: 0 | H17: 145771227 | I17: 225013 강남구 언주로 702(B2층-전기실) 유형자산대체 | O17: 승인 | Q17: 46023 | R17: 20260101A0006 | T17: 경리전표 | U17: 당기 | V17: 000A0006 | W17: 대체
A18: 46023 | B18: A0006 | C18: 재무팀 | D18: 서정아 | E18: 투자부동산_건물 | F18: 대변 | G18: 0 | H18: 158914758 | I18: 225013 강남구 언주로 702(B3층-기계실) 유형자산대체 | O18: 승인 | Q18: 46023 | R18: 20260101A0006 | T18: 경리전표 | U18: 당기 | V18: 000A0006 | W18: 대체
A19: 46113 | B19: A0023 | C19: 재무팀 | D19: 서정아 | E19: 투자부동산_건물 | F19: 대변 | G19: 0 | H19: -145771227 | I19: 225013 강남구 언주로 702(B2층-전기실) 유형자산대체 | O19: 승인 | Q19: 46113 | R19: 20260401A0023 | T19: 경리전표 | U19: 당기 | V19: 000A0023 | W19: 대체
A20: 46113 | B20: A0023 | C20: 재무팀 | D20: 서정아 | E20: 투자부동산_건물 | F20: 대변 | G20: 0 | H20: -158914758 | I20: 225013 강남구 언주로 702(B3층-기계실) 유형자산대체 | O20: 승인 | Q20: 46113 | R20: 20260401A0023 | T20: 경리전표 | U20: 당기 | V20: 000A0023 | W20: 대체
E21: 투자부동산_건물 | F21: 대변 | G21: 1 | H21: ='4600_투자부동산_매각예정자산대체'!E38 -> 11147763220 | I21: 매각예정자산대체
H22: =SUM(H17:H21) -> 11147763220 | I22: =H22-'4600_투자부동산'!D13 -> 0
A24: 투자부동산_건설중인자산 감소>
A25: 전표일자 | B25: 전표번호 | C25: 부서 | D25: 사원명 | E25: 계정명 | F25: 차대구분 | G25: 차변 | H25: 대변 | I25: 적요 | J25: 승인요청일 | K25: 지급요청일 | L25: 반제일자 | M25: 거래처 | N25: 거래처명 | O25: 전표상태 | P25: 처리사유 | Q25: 등록일자 | R25: 회계번호 | S25: 승인자 | T25: 전표유형 | U25: 구분 | V25: PK | W25: 구분
A26: 46114 | B26: A0005 | C26: 재무팀 | D26: 서정아 | E26: 투자부동산_건설중인자산 | F26: 대변 | G26: 0 | H26: 11147763220 | I26: 225013 신당동 160-14,15,16 건물 건설중인자산->건물 대체 | O26: 승인 | Q26: 46114 | R26: 20260402A0005 | T26: 경리전표 | U26: 당기 | V26: 000A0005 | W26: 대체
H29: =SUM(H26:H28) -> 11147763220

Sheet 4600_투자부동산명세
A2: =기본사항!C8 -> 주식회사 경남제약 | G2: 조서No. 4610
A3: 투자부동산
A4: 투자부동산 분석적 검토
A7: 자산분류 | B7: 사업장 | C7: 부문 | D7: 자산코드 | E7: 자산명 | F7: 기초자산가액 | G7: 자산대체증가 | H7: 자산대체감소 | I7: 기말자산가액 | J7: 감가상각누계액 | K7: 임대인 | L7: 임대보증금 | M7: 임대차계약서
A8: 투자(건물) | B8: 서울 | C8: 판관 | D8: IB_0002 | E8: 강남구 언주로 702(1층) | F8: 424354484 | G8: 0 | H8: 0 | I8: 424354484 | J8: 77798317 | K8: 주식회사 바나플에프엔비 | L8: 160000000
A9: 투자(건물) | B9: 서울 | C9: 판관 | D9: IB_0003 | E9: 강남구 언주로 702(2층) | F9: 586944607 | G9: 0 | H9: 0 | I9: 586944607 | J9: 107606506 | K9: 공실
A10: 투자(건물) | B10: 서울 | C10: 판관 | D10: IB_0004 | E10: 강남구 언주로 702(3층) | F10: 586944607 | G10: 0 | H10: 0 | I10: 586944607 | J10: 107606506 | K10: 스테이영피부과의원 | L10: 120000000
A11: 투자(건물) | B11: 서울 | C11: 판관 | D11: IB_0005 | E11: 강남구 언주로 702(4층) | F11: 521592712 | G11: 0 | H11: 0 | I11: 521592712 | J11: 95625323 | K11: 공실
A12: 투자(건물) | B12: 서울 | C12: 판관 | D12: IB_0006 | E12: 강남구 언주로 702(5층) | F12: 572270991 | G12: 0 | H12: 0 | I12: 572270991 | J12: 104916341 | K12: 일부임대
A13: 투자(건물) | B13: 서울 | C13: 판관 | D13: IB_0007 | E13: 강남구 언주로 702(9층) | G13: 572270991 | H13: 0 | I13: 572270991 | J13: 104916341 | K13: ㈜미니쉬테크놀로지 주식회사 | L13: 120000000
A14: 투자(건물) | B14: 서울 | C14: 판관 | D14: IB_0008 | E14: 강남구 언주로 702(10층) | F14: 572270991 | G14: 0 | H14: 0 | I14: 572270991 | J14: 104916341 | K14: ㈜미니쉬테크놀로지 주식회사 | L14: 120000000
A15: 투자(건물) | B15: 서울 | C15: 판관 | D15: B_0022 | E15: 서울특별시 강남구 언주로 702(11층) | G15: 572270991 | H15: 0 | I15: 572270991 | J15: 104916341 | K15: ㈜미니쉬테크놀로지 주식회사 | L15: 120000000
A16: 투자(건물) | B16: 서울 | C16: 판관 | D16: IB_0009 | E16: 강남구 언주로 702(12층) | F16: 572270991 | G16: 0 | H16: 0 | I16: 572270991 | J16: 104916341 | K16: (주)엘엑스인베스트먼트 | L16: 100000000
A17: 투자(건물) | B17: 서울 | C17: 판관 | D17: IB_0010 | E17: 강남구 언주로 702(13층) | F17: 572270991 | G17: 0 | H17: 0 | I17: 572270991 | J17: 104916341 | K17: ㈜미니쉬테크놀로지 주식회사 | L17: 120000000
A18: 투자(건물) | B18: 서울 | C18: 판관 | D18: IB_0011 | E18: 강남구 언주로 702(B3층-기계실) | F18: 158914758 | G18: 0 | H18: 0 | I18: 158914758 | J18: 29134364
A19: 투자(건물) | B19: 서울 | C19: 판관 | D19: IB_0012 | E19: 강남구 언주로 702(B2층-전기실) | F19: 145771227 | G19: 0 | H19: 0 | I19: 145771227 | J19: 26724720
A20: 투자(건물) | B20: 서울 | C20: 판관 | D20: IB_0032 | E20: 신당동 160-14,15,16 건물 | F20: 0 | G20: 11147763220 | H20: 0 | I20: 11147763220 | J20: 0
E21: 합계 | F21: =SUM(F8:F20) -> 4713606359 | G21: =SUM(G8:G20) -> 12292305202 | H21: =SUM(H8:H20) -> 0 | I21: =SUM(I8:I20) -> 17005911561 | J21: =SUM(J8:J20) -> 1073993782
F22: TRUE | I22: =I21='4600_투자부동산'!E13 -> FALSE
A24: 자산분류 | B24: 사업장 | C24: 부문 | D24: 자산코드 | E24: 자산명 | F24: 기초자산가액 | G24: 자산대체증가 | H24: 자산대체감소 | I24: 기말자산가액 | J24: 임대차계약서
A25: 투자(토지) | B25: 서울 | C25: 판관 | D25: IL_0002 | E25: 강남구 언주로 702(1층) | F25: 1587159058 | G25: 0 | H25: 0 | I25: 1587159058
A26: 투자(토지) | B26: 서울 | C26: 판관 | D26: IL_0003 | E26: 강남구 언주로 702(2층) | F26: 2195274194 | G26: 0 | H26: 0 | I26: 2195274194
A27: 투자(토지) | B27: 서울 | C27: 판관 | D27: IL_0004 | E27: 강남구 언주로 702(3층) | F27: 2195274194 | G27: 0 | H27: 0 | I27: 2195274194
A28: 투자(토지) | B28: 서울 | C28: 판관 | D28: IL_0005 | E28: 강남구 언주로 702(4층) | F28: 1950846823 | G28: 0 | H28: 0 | I28: 1950846823
A29: 투자(토지) | B29: 서울 | C29: 판관 | D29: IL_0006 | E29: 강남구 언주로 702(5층) | F29: 2140392339 | G29: 0 | H29: 0 | I29: 2140392339
A30: 투자(토지) | B30: 서울 | C30: 판관 | D30: IL_0007 | E30: 강남구 언주로 702(9층) | G30: 2140392339 | H30: 0 | I30: 2140392339
A31: 투자(토지) | B31: 서울 | C31: 판관 | D31: IL_0008 | E31: 강남구 언주로 702(10층) | F31: 2140392339 | G31: 0 | H31: 0 | I31: 2140392339
A32: 투자(토지) | B32: 서울 | C32: 판관 | D32: L_0010 | E32: 서울특별시 강남구 언주로 702(11층) | G32: 2140392339 | H32: 0 | I32: 2140392339
A33: 투자(토지) | B33: 서울 | C33: 판관 | D33: IL_0009 | E33: 강남구 언주로 702(12층) | F33: 2140392339 | G33: 0 | H33: 0 | I33: 2140392339
A34: 투자(토지) | B34: 서울 | C34: 판관 | D34: IL_0010 | E34: 강남구 언주로 702(13층) | F34: 2140392339 | G34: 0 | H34: 0 | I34: 2140392339
A35: 투자(토지) | B35: 서울 | C35: 판관 | D35: IL_0011 | E35: 강남구 언주로 702(B3층-기계실) | F35: 594368641 | G35: 0 | H35: 0 | I35: 594368641
A36: 투자(토지) | B36: 서울 | C36: 판관 | D36: IL_0012 | E36: 강남구 언주로 702(B2층-전기실) | F36: 545209561 | G36: 0 | H36: 0 | I36: 545209561
A37: 투자(토지) | B37: 서울 | C37: 판관 | D37: IL_0015 | E37: 신당동 160-14, 160-15, 160-16 | F37: 7072519926 | G37: 0 | H37: 0 | I37: 7072519926
E38: 합계 | F38: =SUM(F25:F37) -> 24702221753 | G38: =SUM(G25:G37) -> 4280784678 | H38: =SUM(H25:H37) -> 0 | I38: =SUM(I25:I37) -> 28983006431
F39: =F38='4600_투자부동산'!B12 -> TRUE | I39: =I38='4600_투자부동산'!E12 -> FALSE

Sheet 4600_투자부동산_감가상각비
A1: 신당동 감가상각비 조정
A2: 사업단위 : 경남제약 주식회사 | AT2: 단위 : 원
A3: No. | B3: 구분 | C3: 사업장 | D3: 경 비 부 문 | E3: 자산 코드 | F3: 자 산 명 | G3: 단위 | H3: 수량 | I3: 취득일 | J3: 내용 연수 | K3: 취 득 가 액 | Y3: 증가 및 대체가액 | Z3: 처분가액 | AA3: 합 계 | AB3: 감 가 상 각 누 계 액 | AR3: 손상누계 | AS3: 합 계 | AT3: 잔존가액
K4: 기초가액 | L4: 당기 취득액 | X4: 소 계 | AB4: 전 기 누계액 | AC4: 당기 감가상각액 | AO4: 소 계 | AP4: 대체가액 | AQ4: 처분가액 | AV4: IFRS기준 검증
L5: 01월 | M5: 02월 | N5: 03월 | O5: 04월 | P5: 05월 | Q5: 06월 | R5: 07월 | S5: 08월 | T5: 09월 | U5: 10월 | V5: 11월 | W5: 12월 | AC5: 01월 | AD5: 02월 | AE5: 03월 | AF5: 04월 | AG5: 05월 | AH5: 06월 | AI5: 07월 | AJ5: 08월 | AK5: 09월 | AL5: 10월 | AM5: 11월 | AN5: 12월 | AU5: 단순상각 | AV5: 월상각액 | AW5: ERP | AX5: 차이
A6: IB_0032 | B6: 투자부동산(건물) | C6: 부동산 | D6: 임대 | F6: 신당동 160-14,15,16 건물 | G6: ㎡ | I6: 46114 | J6: 30 | X6: =+SUM(L6:W6) -> 0 | Y6: 11147763220 | AA6: =+K6+X6+Y6-Z6 -> 11147763220 | AF6: 30966008 | AG6: 30966009 | AH6: 30966009 | AO6: =+SUM(AC6:AN6) -> 92898026 | AP6: 0 | AR6: 3105062380 | AS6: =AO6+AR6 -> 3197960406 | AT6: =+AA6-AS6 -> 7949802814 | AU6: =ROUNDDOWN(AA6/(J6*12),0) -> 30966008 | AV6: =+IF(AT6<=1000,0,ROUNDDOWN($AA6/($J6*12),0)) -> 30966008 | AW6: =AO6 -> 92898026 | AX6: =+AO6-AW6 -> 0
A7: 계 | K7: =+SUM(K6:W6) -> 0 | L7: =+SUM(#REF!) -> #REF! | M7: =+SUM(#REF!) -> #REF! | N7: =+SUM(#REF!) -> #REF! | O7: =+SUM(#REF!) -> #REF! | P7: =+SUM(#REF!) -> #REF! | Q7: =+SUM(#REF!) -> #REF! | R7: =+SUM(#REF!) -> #REF! | S7: =+SUM(#REF!) -> #REF! | ... W7: =+SUM(#REF!) -> #REF! | X7: =X6 -> 0 | Y7: =SUM(Y6:Y6) -> 11147763220 | AA7: =+SUM(AA6:AA6) -> 11147763220 | AB7: =SUM(AB6:AB6) -> 0 | AC7: =+SUM(AC6:AC6) -> 0 | AD7: =+SUM(AD6:AD6) -> 0 | AE7: =+SUM(AE6:AE6) -> 0 | AF7: =+SUM(AF6:AF6) -> 30966008 | AG7: =+SUM(AG6:AG6) -> 30966009 | AH7: =+SUM(AH6:AH6) -> 30966009 | AQ7: =+SUM(AQ6:AQ6) -> 0 | AR7: =+SUM(AR6:AR6) -> 3105062380 | AS7: =+SUM(AS6:AS6) -> 3197960406 | AT7: =+SUM(AT6:AT6) -> 7949802814
A9: 투자부동산 조정기표_ 손상 후 잔액
A10: No. | B10: 구분 | C10: 사업장 | D10: 경 비 부 문 | E10: 자산 코드 | F10: 자 산 명 | G10: 단위 | H10: 수량 | I10: 취득일 | J10: 내용 연수 | K10: 취 득 가 액 | Y10: 증가 및 대체가액 | Z10: 처분가액 | AA10: 합 계 | AB10: 감 가 상 각 누 계 액 | AR10: 손상누계 | AS10: 합 계 | AT10: 잔존가액
K11: 기초가액 | L11: 당기 취득액 | X11: 소 계 | AB11: 전 기 누계액 | AC11: 당기 감가상각액 | AO11: 소 계 | AP11: 대체가액 | AQ11: 처분가액 | AV11: IFRS기준 검증
L12: 01월 | M12: 02월 | N12: 03월 | O12: 04월 | P12: 05월 | Q12: 06월 | R12: 07월 | S12: 08월 | T12: 09월 | U12: 10월 | V12: 11월 | W12: 12월 | AC12: 01월 | AD12: 02월 | AE12: 03월 | AF12: 04월 | AG12: 05월 | AH12: 06월 | AI12: 07월 | AJ12: 08월 | AK12: 09월 | AL12: 10월 | AM12: 11월 | AN12: 12월 | AU12: 단순상각 | AV12: 월상각액 | AW12: ERP | AX12: 차이
A13: IB_0032 | B13: 투자부동산(건물) | C13: 부동산 | D13: 임대 | F13: 신당동 160-14,15,16 건물 | G13: ㎡ | I13: 46114 | J13: 30 | X13: 0 | Y13: =Y6-AR6 -> 8042700840 | AA13: 8042700840 | AF13: =AA13/30/12 -> 22340836 | AG13: 22340836 | AH13: 22340836 | AO13: =SUM(AF13:AH13) -> 67022507 | AP13: 0 | AR13: 3105062380 | AT13: =AA13-AO13 -> 7975678333 | AU13: 30966008 | AV13: 30966008 | AW13: 92898026 | AX13: 0
A14: 차액 | AF14: =AF6-AF13 -> 8625172.3 | AG14: =AG6-AG13 -> 8625173.3 | AH14: =AH6-AH13 -> 8625173.3 | AO14: =SUM(AF14:AH14) -> 25875519
A15: 계 | L15: 0 | M15: 0 | N15: 0 | O15: 0 | P15: 0 | Q15: 0 | R15: 0 | S15: 0 | T15: 0 | U15: 0 | V15: 0 | W15: 0 | X15: 0 | Y15: =Y13 -> 8042700840 | Z15: 0 | AA15: =AA13 -> 8042700840 | AI15: 0 | AJ15: 0 | AK15: 0 | AL15: 0 | AM15: 0 | AN15: 0 | AO15: =AO13 -> 67022507 | AP15: =AP13 -> 0 | AQ15: =AQ13 -> 0 | AR15: =AR13 -> 3105062380 | AS15: =AS13 -> 0 | AT15: =AT13 -> 7975678333
AD16: (차) | AE16: 감가상각비(판관) | AF16: =-SUM(AF14:AH14) -> -25875519 | AG16: (대) | AH16: 투자부동산 감가상각누계액 | AI16: =AF16 -> -25875519
A19: 아산 | B19: =SUMIF($C:$C,$A19,Z:Z) -> 0 | D19: : 매각 | F19: 아산 | G19: =SUMIF($C:$C,$F19,AQ:AQ) -> 0 | I19: : 누계차감
A20: 의령 | B20: =SUMIF($C:$C,$A20,Z:Z) -> 0 | D20: : 매각 | F20: 1 | G20: =SUMIF($C:$C,$F20,AQ:AQ) -> 0 | I20: : 누계차감
A21: 계 | B21: =SUM(B19:C20) -> 0 | D21: =B21=Z7 -> TRUE | F21: 계 | G21: =SUM(G19:H20) -> 0 | I21: =G21=AQ7 -> TRUE
A23: 집계표 data | I23: 서울 | J23: 판관 | L23: =+SUMIFS(L:L,$C:$C,$I23,$D:$D,$J23) -> 0 | M23: =+SUMIFS(M:M,$C:$C,$I23,$D:$D,$J23) -> 0 | N23: =+SUMIFS(N:N,$C:$C,$I23,$D:$D,$J23) -> 0 | O23: =+SUMIFS(O:O,$C:$C,$I23,$D:$D,$J23) -> 0 | P23: =+SUMIFS(P:P,$C:$C,$I23,$D:$D,$J23) -> 0 | Q23: =+SUMIFS(Q:Q,$C:$C,$I23,$D:$D,$J23) -> 0 | R23: =+SUMIFS(R:R,$C:$C,$I23,$D:$D,$J23) -> 0 | S23: =+SUMIFS(S:S,$C:$C,$I23,$D:$D,$J23) -> 0 | T23: =+SUMIFS(T:T,$C:$C,$I23,$D:$D,$J23) -> 0 | U23: =+SUMIFS(U:U,$C:$C,$I23,$D:$D,$J23) -> 0 | V23: =+SUMIFS(V:V,$C:$C,$I23,$D:$D,$J23) -> 0 | W23: =+SUMIFS(W:W,$C:$C,$I23,$D:$D,$J23) -> 0 | AC23: =+SUMIFS(AC:AC,$C:$C,$I23,$D:$D,$J23) -> 0 | AD23: =+SUMIFS(AD:AD,$C:$C,$I23,$D:$D,$J23) -> 0 | AE23: =+SUMIFS(AE:AE,$C:$C,$I23,$D:$D,$J23) -> 0 | AF23: =+SUMIFS(AF:AF,$C:$C,$I23,$D:$D,$J23) -> 0 | AG23: =+SUMIFS(AG:AG,$C:$C,$I23,$D:$D,$J23) -> 0 | AH23: =+SUMIFS(AH:AH,$C:$C,$I23,$D:$D,$J23) -> 0 | AI23: =+SUMIFS(AI:AI,$C:$C,$I23,$D:$D,$J23) -> 0 | AJ23: =+SUMIFS(AJ:AJ,$C:$C,$I23,$D:$D,$J23) -> 0 | AK23: =+SUMIFS(AK:AK,$C:$C,$I23,$D:$D,$J23) -> 0 | AL23: =+SUMIFS(AL:AL,$C:$C,$I23,$D:$D,$J23) -> 0 | AM23: =+SUMIFS(AM:AM,$C:$C,$I23,$D:$D,$J23) -> 0 | AN23: =+SUMIFS(AN:AN,$C:$C,$I23,$D:$D,$J23) -> 0 | AO23: =+SUMIFS(AO:AO,$C:$C,$I23,$D:$D,$J23) -> 0
I24: 부동산 | J24: 임대 | R24: =+SUMIFS(R:R,$C:$C,$I24,$D:$D,$J24) -> 0 | S24: =+SUMIFS(S:S,$C:$C,$I24,$D:$D,$J24) -> 0 | T24: =+SUMIFS(T:T,$C:$C,$I24,$D:$D,$J24) -> 0 | AC24: =+SUMIFS(AC:AC,$C:$C,$I24,$D:$D,$J24) -> 0 | AD24: =+SUMIFS(AD:AD,$C:$C,$I24,$D:$D,$J24) -> 0 | AE24: =+SUMIFS(AE:AE,$C:$C,$I24,$D:$D,$J24) -> 0 | AF24: =+SUMIFS(AF:AF,$C:$C,$I24,$D:$D,$J24) -> 53306844 | AG24: =+SUMIFS(AG:AG,$C:$C,$I24,$D:$D,$J24) -> 53306845 | AH24: =+SUMIFS(AH:AH,$C:$C,$I24,$D:$D,$J24) -> 53306845 | AI24: =+SUMIFS(AI:AI,$C:$C,$I24,$D:$D,$J24) -> 0 | AJ24: =+SUMIFS(AJ:AJ,$C:$C,$I24,$D:$D,$J24) -> 0 | AK24: =+SUMIFS(AK:AK,$C:$C,$I24,$D:$D,$J24) -> 0 | AL24: =+SUMIFS(AL:AL,$C:$C,$I24,$D:$D,$J24) -> 0 | AM24: =+SUMIFS(AM:AM,$C:$C,$I24,$D:$D,$J24) -> 0 | AN24: =+SUMIFS(AN:AN,$C:$C,$I24,$D:$D,$J24) -> 0 | AO24: =+SUMIFS(AO:AO,$C:$C,$I24,$D:$D,$J24) -> 159920533
I25: 아산 | J25: 제조 | L25: =+SUMIFS(L:L,$C:$C,$I25,$D:$D,$J25) -> 0 | M25: =+SUMIFS(M:M,$C:$C,$I25,$D:$D,$J25) -> 0 | N25: =+SUMIFS(N:N,$C:$C,$I25,$D:$D,$J25) -> 0 | O25: =+SUMIFS(O:O,$C:$C,$I25,$D:$D,$J25) -> 0 | P25: =+SUMIFS(P:P,$C:$C,$I25,$D:$D,$J25) -> 0 | Q25: =+SUMIFS(Q:Q,$C:$C,$I25,$D:$D,$J25) -> 0 | R25: =+SUMIFS(R:R,$C:$C,$I25,$D:$D,$J25) -> 0 | S25: =+SUMIFS(S:S,$C:$C,$I25,$D:$D,$J25) -> 0 | T25: =+SUMIFS(T:T,$C:$C,$I25,$D:$D,$J25) -> 0 | U25: =+SUMIFS(U:U,$C:$C,$I25,$D:$D,$J25) -> 0 | V25: =+SUMIFS(V:V,$C:$C,$I25,$D:$D,$J25) -> 0 | W25: =+SUMIFS(W:W,$C:$C,$I25,$D:$D,$J25) -> 0 | AC25: =+SUMIFS(AC:AC,$C:$C,$I25,$D:$D,$J25) -> 0 | AD25: =+SUMIFS(AD:AD,$C:$C,$I25,$D:$D,$J25) -> 0 | AE25: =+SUMIFS(AE:AE,$C:$C,$I25,$D:$D,$J25) -> 0 | AF25: =+SUMIFS(AF:AF,$C:$C,$I25,$D:$D,$J25) -> 0 | AG25: =+SUMIFS(AG:AG,$C:$C,$I25,$D:$D,$J25) -> 0 | AH25: =+SUMIFS(AH:AH,$C:$C,$I25,$D:$D,$J25) -> 0 | AI25: =+SUMIFS(AI:AI,$C:$C,$I25,$D:$D,$J25) -> 0 | AJ25: =+SUMIFS(AJ:AJ,$C:$C,$I25,$D:$D,$J25) -> 0 | AK25: =+SUMIFS(AK:AK,$C:$C,$I25,$D:$D,$J25) -> 0 | AL25: =+SUMIFS(AL:AL,$C:$C,$I25,$D:$D,$J25) -> 0 | AM25: =+SUMIFS(AM:AM,$C:$C,$I25,$D:$D,$J25) -> 0 | AN25: =+SUMIFS(AN:AN,$C:$C,$I25,$D:$D,$J25) -> 0 | AO25: =+SUMIFS(AO:AO,$C:$C,$I25,$D:$D,$J25) -> 0
I26: 의령 | J26: 제조 | L26: =+SUMIFS(L:L,$C:$C,$I26,$D:$D,$J26) -> 0 | M26: =+SUMIFS(M:M,$C:$C,$I26,$D:$D,$J26) -> 0 | N26: =+SUMIFS(N:N,$C:$C,$I26,$D:$D,$J26) -> 0 | O26: =+SUMIFS(O:O,$C:$C,$I26,$D:$D,$J26) -> 0 | P26: =+SUMIFS(P:P,$C:$C,$I26,$D:$D,$J26) -> 0 | Q26: =+SUMIFS(Q:Q,$C:$C,$I26,$D:$D,$J26) -> 0 | R26: =+SUMIFS(R:R,$C:$C,$I26,$D:$D,$J26) -> 0 | S26: =+SUMIFS(S:S,$C:$C,$I26,$D:$D,$J26) -> 0 | T26: =+SUMIFS(T:T,$C:$C,$I26,$D:$D,$J26) -> 0 | U26: =+SUMIFS(U:U,$C:$C,$I26,$D:$D,$J26) -> 0 | V26: =+SUMIFS(V:V,$C:$C,$I26,$D:$D,$J26) -> 0 | W26: =+SUMIFS(W:W,$C:$C,$I26,$D:$D,$J26) -> 0 | AC26: =+SUMIFS(AC:AC,$C:$C,$I26,$D:$D,$J26) -> 0 | AD26: =+SUMIFS(AD:AD,$C:$C,$I26,$D:$D,$J26) -> 0 | AE26: =+SUMIFS(AE:AE,$C:$C,$I26,$D:$D,$J26) -> 0 | AF26: =+SUMIFS(AF:AF,$C:$C,$I26,$D:$D,$J26) -> 0 | AG26: =+SUMIFS(AG:AG,$C:$C,$I26,$D:$D,$J26) -> 0 | AH26: =+SUMIFS(AH:AH,$C:$C,$I26,$D:$D,$J26) -> 0 | AI26: =+SUMIFS(AI:AI,$C:$C,$I26,$D:$D,$J26) -> 0 | AJ26: =+SUMIFS(AJ:AJ,$C:$C,$I26,$D:$D,$J26) -> 0 | AK26: =+SUMIFS(AK:AK,$C:$C,$I26,$D:$D,$J26) -> 0 | AL26: =+SUMIFS(AL:AL,$C:$C,$I26,$D:$D,$J26) -> 0 | AM26: =+SUMIFS(AM:AM,$C:$C,$I26,$D:$D,$J26) -> 0 | AN26: =+SUMIFS(AN:AN,$C:$C,$I26,$D:$D,$J26) -> 0 | AO26: =+SUMIFS(AO:AO,$C:$C,$I26,$D:$D,$J26) -> 0
I27: 의령 | J27: 연구 | L27: =+SUMIFS(L:L,$C:$C,$I27,$D:$D,$J27) -> 0 | M27: =+SUMIFS(M:M,$C:$C,$I27,$D:$D,$J27) -> 0 | N27: =+SUMIFS(N:N,$C:$C,$I27,$D:$D,$J27) -> 0 | O27: =+SUMIFS(O:O,$C:$C,$I27,$D:$D,$J27) -> 0 | P27: =+SUMIFS(P:P,$C:$C,$I27,$D:$D,$J27) -> 0 | Q27: =+SUMIFS(Q:Q,$C:$C,$I27,$D:$D,$J27) -> 0 | R27: =+SUMIFS(R:R,$C:$C,$I27,$D:$D,$J27) -> 0 | S27: =+SUMIFS(S:S,$C:$C,$I27,$D:$D,$J27) -> 0 | T27: =+SUMIFS(T:T,$C:$C,$I27,$D:$D,$J27) -> 0 | U27: =+SUMIFS(U:U,$C:$C,$I27,$D:$D,$J27) -> 0 | V27: =+SUMIFS(V:V,$C:$C,$I27,$D:$D,$J27) -> 0 | W27: =+SUMIFS(W:W,$C:$C,$I27,$D:$D,$J27) -> 0 | AC27: =+SUMIFS(AC:AC,$C:$C,$I27,$D:$D,$J27) -> 0 | AD27: =+SUMIFS(AD:AD,$C:$C,$I27,$D:$D,$J27) -> 0 | AE27: =+SUMIFS(AE:AE,$C:$C,$I27,$D:$D,$J27) -> 0 | AF27: =+SUMIFS(AF:AF,$C:$C,$I27,$D:$D,$J27) -> 0 | AG27: =+SUMIFS(AG:AG,$C:$C,$I27,$D:$D,$J27) -> 0 | AH27: =+SUMIFS(AH:AH,$C:$C,$I27,$D:$D,$J27) -> 0 | AI27: =+SUMIFS(AI:AI,$C:$C,$I27,$D:$D,$J27) -> 0 | AJ27: =+SUMIFS(AJ:AJ,$C:$C,$I27,$D:$D,$J27) -> 0 | AK27: =+SUMIFS(AK:AK,$C:$C,$I27,$D:$D,$J27) -> 0 | AL27: =+SUMIFS(AL:AL,$C:$C,$I27,$D:$D,$J27) -> 0 | AM27: =+SUMIFS(AM:AM,$C:$C,$I27,$D:$D,$J27) -> 0 | AN27: =+SUMIFS(AN:AN,$C:$C,$I27,$D:$D,$J27) -> 0 | AO27: =+SUMIFS(AO:AO,$C:$C,$I27,$D:$D,$J27) -> 0
I28: 제천 | J28: 판관 | L28: =+SUMIFS(L:L,$C:$C,$I28,$D:$D,$J28) -> 0 | M28: =+SUMIFS(M:M,$C:$C,$I28,$D:$D,$J28) -> 0 | N28: =+SUMIFS(N:N,$C:$C,$I28,$D:$D,$J28) -> 0 | O28: =+SUMIFS(O:O,$C:$C,$I28,$D:$D,$J28) -> 0 | P28: =+SUMIFS(P:P,$C:$C,$I28,$D:$D,$J28) -> 0 | Q28: =+SUMIFS(Q:Q,$C:$C,$I28,$D:$D,$J28) -> 0 | R28: =+SUMIFS(R:R,$C:$C,$I28,$D:$D,$J28) -> 0 | S28: =+SUMIFS(S:S,$C:$C,$I28,$D:$D,$J28) -> 0 | T28: =+SUMIFS(T:T,$C:$C,$I28,$D:$D,$J28) -> 0 | U28: =+SUMIFS(U:U,$C:$C,$I28,$D:$D,$J28) -> 0 | V28: =+SUMIFS(V:V,$C:$C,$I28,$D:$D,$J28) -> 0 | W28: =+SUMIFS(W:W,$C:$C,$I28,$D:$D,$J28) -> 0 | AC28: =+SUMIFS(AC:AC,$C:$C,$I28,$D:$D,$J28) -> 0 | AD28: =+SUMIFS(AD:AD,$C:$C,$I28,$D:$D,$J28) -> 0 | AE28: =+SUMIFS(AE:AE,$C:$C,$I28,$D:$D,$J28) -> 0 | AF28: =+SUMIFS(AF:AF,$C:$C,$I28,$D:$D,$J28) -> 0 | AG28: =+SUMIFS(AG:AG,$C:$C,$I28,$D:$D,$J28) -> 0 | AH28: =+SUMIFS(AH:AH,$C:$C,$I28,$D:$D,$J28) -> 0 | AI28: =+SUMIFS(AI:AI,$C:$C,$I28,$D:$D,$J28) -> 0 | AJ28: =+SUMIFS(AJ:AJ,$C:$C,$I28,$D:$D,$J28) -> 0 | AK28: =+SUMIFS(AK:AK,$C:$C,$I28,$D:$D,$J28) -> 0 | AL28: =+SUMIFS(AL:AL,$C:$C,$I28,$D:$D,$J28) -> 0 | AM28: =+SUMIFS(AM:AM,$C:$C,$I28,$D:$D,$J28) -> 0 | AN28: =+SUMIFS(AN:AN,$C:$C,$I28,$D:$D,$J28) -> 0 | AO28: =+SUMIFS(AO:AO,$C:$C,$I28,$D:$D,$J28) -> 0
AO29: =+IF(SUM(AO23:AO28)-AO7=0,"일치","오류") -> 오류

Sheet 4600_투자부동산_적격지출
B1: 적격자산 분석
C4: (1) 2025년 12월 31일 기준 현재 적격자산 현황
C5: 기준일 | D5: 46022
C6: 구분 (본계정) | D6: 46022 | E6: 상당한기간 소요 여부 <주1> | F6: 사용가능 여부 <주2> | G6: 공정가치 측정대상 <주3> | H6: 적격자산
C7: 투자부동산_토지 | D7: 0 | E7: Y | F7: N | G7: N | H7: =IF(E7="Y",IF(F7="N",IF(G7="N","적격자산 해당","n/a"),"n/a"),"n/a") -> 적격자산 해당
C8: 투자부동산_건설중인자산 | D8: =SUM(G214:G393) -> 2036673641 | E8: Y | F8: N | G8: N | H8: =IF(E8="Y",IF(F8="N",IF(G8="N","적격자산 해당","n/a"),"n/a"),"n/a") -> 적격자산 해당
C9: 투자부동산 계 | D9: =SUM(D7:D8) -> 2036673641
C11: <주 1> 상당한기간 소요
C12: K-IFRS 1023호 차입원가
C13: 용어의 정의
C14: 적격자산
C15: - 적격자산: 의도된 용도로 사용(또는 판매) 가능하게 하는 데 상당한 기간을 필요로 하는 자산
C19: <주 2> 사용가능여부
C20: K-IFRS 1023호 차입원가
C21: 문단 24
C22: 적격자산의 건설활동을 여러 부분으로 나누어 완성하고, 남아있는 부분의 건설활동을 계속 진행하고 있더라도 이미 완성된 부분이 사용 가능하다면, 당해 부분을 의도된 용도로 사용(또는 판매) 가능하게 하는 데 필요한 대부분의 활동을 완료한 시점에 차입원가의 자본화를 종료한다.
C24: 문단 24
C25: 남아있는 부분의 건설활동이 계속 진행되고 있더라도 이미 완성된 부분이 사용 가능한 적격자산의 예로는 각각의 건물별로 사용 가능한 여러 동의 건물로 구성된 복합업무시설을 들 수 있다.
C26: 개별부분이 사용되기 위해 자산전체의 건설활동이 완료되어야 하는 적격자산의 예로는 제철소와 같이 동일한 장소에서 여러 생산부문별 공정이 순차적으로 이루어지는 여러 생산공정을 갖춘 산업설비를 들 수 있다.
... C37: 하지만 IASB는 공정가치로 측정되는 자산에 대하여 IAS 23의 요구사항을 적용하지 않는다는 조항이 기업으로 하여금 그러한 자산을 공정가치로 측정하기 전에 차입원가를 자본화시켰을 경우 그 효과를 반영하여 손익항목을 표시하는 것까지 금지하지는 않는다는 데 주목하였다.
C41: 건설중인자산_투자부동산 | G41: =SUM(G43:G393) -> 16473502551 | H41: =SUM(H43:H393) -> 7072519926
C42: 계정과목명 | D42: 회계일자 | E42: 적요 | F42: 관리항목1 | G42: 차변 | H42: 대변 | I42: 잔액
C43: 투자부동산_건설중인자산 | D43: 44926 | E43: 전기이월 | I43: 0
C44: 투자부동산_건설중인자산 | D44: 2023-05-23 | E44: 토지(부대비용) / 투자부동산(신당동)용도 변경에 따른 건축사 용역수수료 / 202305-경영기획팀-21 | F44: [거래처코드]R06972 : (주)제이플러스건축사사무소 (492-87-00025) | G44: 3500000 | H44: 0 | I44: 3500000
C45: 투자부동산_건설중인자산 | D45: 2023-05-23 | E45: 토지(부대비용) / 투자부동산(신당동)용도 변경에 따른 건축사 용역수수료 / 202305-경영기획팀-21 | F45: [거래처코드]R06972 : (주)제이플러스건축사사무소 (492-87-00025) | G45: 350000 | H45: 0 | I45: 3850000
C46: 투자부동산_건설중인자산 | D46: 2023-05-23 | E46: 토지(철거비용) 투자부동산(신당동)용도 변경에 따른 철거비용 / 202305-경영기획팀-21 | F46: [거래처코드]R06973 : 국대 (501-15-37697) | G46: 700000 | H46: 0 | I46: 4550000
C47: 투자부동산_건설중인자산 | D47: 2023-05-23 | E47: 토지(철거비용) 투자부동산(신당동)용도 변경에 따른 철거비용 / 202305-경영기획팀-21 | F47: [거래처코드]R06973 : 국대 (501-15-37697) | G47: 70000 | H47: 0 | I47: 4620000
C48: 투자부동산_건설중인자산 | D48: 2023-05-26 | E48: 경영기획팀 / 05.26. / 투자부동산(신당동)신축건물 설계용역 관련 계약(계약금) / 202305-경영기획팀-24 | F48: [거래처코드]R06966 : 오이이아이 건축디자인스튜디오 (795-39-00898) | G48: 64686300 | H48: 0 | I48: 69306300
C49: 투자부동산_건설중인자산 | D49: 2023-06-13 | E49: 토지(토지매입) 투자부동산(신당동160-14,신당동16-15 외)/202302-경영기획팀-19 | F49: [거래처코드]P00027 : 우리은행 신사동점 (201-81-02819) | G49: 2800000000 | H49: 0 | I49: 2869306300
C50: 투자부동산_건설중인자산 | D50: 2023-06-13 | E50: 토지(토지매입) 투자부동산(신당동160-14,신당동16-15 외)/202302-경영기획팀-19 | F50: [거래처코드]P00027 : 우리은행 신사동점 (201-81-02819) | G50: 2400000000 | H50: 0 | I50: 5269306300
C51: 투자부동산_건설중인자산 | D51: 2023-06-13 | E51: 토지(토지매입) 투자부동산(신당동160-14,160-15 외)/202302-경영기획팀-19 | F51: [거래처코드]P00027 : 우리은행 신사동점 (201-81-02819) | G51: 1174000000 | H51: 0 | I51: 6443306300
C52: 투자부동산_건설중인자산 | D52: 2023-06-13 | E52: 토지(부대비용) / 투자부동산 매매계약에 따른 인지세 납부 / 202302-경영기획팀-20 | F52: [거래처코드]P00027 : 우리은행 신사동점 (201-81-02819) | G52: 350000 | H52: 0 | I52: 6443656300
C53: 투자부동산_건설중인자산 | D53: 2023-06-13 | E53: 토지(건물매입) / 투자부동산 (신당동160-14,160-15외)/ 202302-경영기획팀-20 | F53: [거래처코드]P00027 : 우리은행 신사동점 (201-81-02819) | G53: 126000000 | H53: 0 | I53: 6569656300
C54: 투자부동산_건설중인자산 | D54: 2023-06-13 | E54: 토지(건물매입) / 투자부동산 매매계약에 따른 건물분(상가)부가세 불공 건 건설중인 자산 계정 처리 / 202302-경영기획팀-19 | F54: [거래처코드]R06930 : 김영환 (346-11-00881) | G54: 960000 | H54: 0 | I54: 6570616300
C55: 투자부동산_건설중인자산 | D55: 2023-06-13 | E55: 토지(부대비용) / 투자부동산 계약완료에 따른 부동산 중개수수료 지급(신당동 160-14) / 202306-경영기획팀-18 | F55: [거래처코드]R06917 : (주)알파카부동산중개법인 (379-88-01636) | G55: 28000000 | H55: 0 | I55: 6598616300
... C58: 투자부동산_건설중인자산 | D58: 2023-06-13 | E58: 토지(부대비용) / 투자부동산 계약완료에 따른 부동산 중개수수료 지급(신당동 160-15 외) / 202306-경영기획팀-18 | F58: [거래처코드]R06917 : (주)알파카부동산중개법인 (379-88-01636) | G58: 2400000 | H58: 0 | I58: 6627816300
C59: 투자부동산_건설중인자산 | D59: 2023-06-14 | E59: 토지(부대비용) / 투자부동산(신당동)용도 변경에 따른 건축사 용역수수료 / 202305-경영기획팀-21 | G59: 0 | H59: 3850000 | I59: 6623966300
C60: 투자부동산_건설중인자산 | D60: 2023-06-14 | E60: 토지(철거비용) 투자부동산(신당동)용도 변경에 따른 철거비용 / 202305-경영기획팀-21 | G60: 0 | H60: 770000 | I60: 6623196300
C61: 투자부동산_건설중인자산 | D61: 2023-06-14 | E61: 토지(토지매입) 투자부동산(신당동160-14,신당동16-15 외)/202302-경영기획팀-19 | G61: 0 | H61: 2800000000 | I61: 3823196300
C62: 투자부동산_건설중인자산 | D62: 2023-06-14 | E62: 토지(토지매입) 투자부동산(신당동160-14,신당동16-15 외)/202302-경영기획팀-19 | G62: 0 | H62: 2400000000 | I62: 1423196300
C63: 투자부동산_건설중인자산 | D63: 2023-06-14 | E63: 토지(토지매입) 투자부동산(신당동160-14,160-15 외)/202302-경영기획팀-19 | G63: 0 | H63: 1174000000 | I63: 249196300
C64: 투자부동산_건설중인자산 | D64: 2023-06-14 | E64: 토지(부대비용) / 투자부동산 매매계약에 따른 인지세 납부 / 202302-경영기획팀-20 | G64: 0 | H64: 350000 | I64: 248846300
C65: 투자부동산_건설중인자산 | D65: 2023-06-14 | E65: 토지(건물매입) / 투자부동산 (신당동160-14,160-15외)/ 202302-경영기획팀-20 | G65: 0 | H65: 126000000 | I65: 122846300
C66: 투자부동산_건설중인자산 | D66: 2023-06-14 | E66: 토지(건물매입) / 투자부동산 매매계약에 따른 건물분(상가)부가세 불공 건 건설중인 자산 계정 처리 / 202302-경영기획팀-19 | G66: 0 | H66: 960000 | I66: 121886300
C67: 투자부동산_건설중인자산 | D67: 2023-06-14 | E67: 토지(부대비용) / 투자부동산 계약완료에 따른 부동산 중개수수료 지급(신당동 160-14) / 202306-경영기획팀-18 | G67: 0 | H67: 30800000 | I67: 91086300
C68: 투자부동산_건설중인자산 | D68: 2023-06-14 | E68: 토지(부대비용) / 투자부동산 계약완료에 따른 부동산 중개수수료 지급(신당동 160-15 외) / 202306-경영기획팀-18 | G68: 0 | H68: 26400000 | I68: 64686300
C69: 투자부동산_건설중인자산 | D69: 2023-06-14 | E69: 토지(부대비용) / 투자부동산(신당동 160-14) 매입 관련 법무사 수임료 / 202306-경영기획팀-19 | G69: 0 | H69: 2750000 | I69: 61936300
C70: 투자부동산_건설중인자산 | D70: 2023-06-14 | E70: 토지(부대비용) / 투자부동산(신당동 160-14) 매입 관련 취득세 / 202306-경영기획팀-19 | G70: 0 | H70: 330910730 | I70: -268974430
... C86: 투자부동산_건설중인자산 | D86: 2023-06-14 | E86: 투자부동산 (신당동 160-15) / 국민주택1종 채권 매도 시 처분손실/202306-경영기획팀-19 | G86: 0 | H86: 10289892 | I86: -444703626
C87: 투자부동산_건설중인자산 | D87: 2023-06-14 | E87: 토지(철거비용) / 투자부동산 건물신축에 따른 기존 건물 철거 용역 계약(계약금) / 202306-경영기획팀-13 | F87: [거래처코드]R06974 : (주)더나은건설 (751-81-01770) | G87: 70800000 | H87: 0 | I87: -373903626
C88: 투자부동산_건설중인자산 | D88: 2023-06-14 | E88: 토지(철거비용) / 투자부동산 건물신축에 따른 기존 건물 철거 용역 계약(계약금) / 202306-경영기획팀-13 | F88: [거래처코드]R06974 : (주)더나은건설 (751-81-01770) | G88: 7080000 | H88: 0 | I88: -366823626
C89: 투자부동산_건설중인자산 | D89: 2023-06-14 | E89: 토지(부대비용) / 투자부동산(신당동 160-14) 매입 관련 법무사 수임료 / 202306-경영기획팀-19 | F89: [거래처코드]R06976 : 법무사(정석) (214-02-34739) | G89: 2500000 | H89: 0 | I89: -364323626
C90: 투자부동산_건설중인자산 | D90: 2023-06-14 | E90: 토지(부대비용) / 투자부동산(신당동 160-14) 매입 관련 법무사 수임료 Vat / 202306-경영기획팀-19 | F90: [거래처코드]R06976 : 법무사(정석) (214-02-34739) | G90: 250000 | H90: 0 | I90: -364073626
C91: 투자부동산_건설중인자산 | D91: 2023-06-14 | E91: 토지(부대비용) / 투자부동산(신당동 160-14) 매입 관련 취득세 / 202306-경영기획팀-19 | F91: [거래처코드]R06976 : 법무사(정석) (214-02-34739) | G91: 330910730 | H91: 0 | I91: -33162896
C92: 투자부동산_건설중인자산 | D92: 2023-06-14 | E92: 토지(부대비용) / 투자부동산(신당동 160-14) 매입 관련 교육세 / 202306-경영기획팀-19 | F92: [거래처코드]R06976 : 법무사(정석) (214-02-34739) | G92: 14112000 | H92: 0 | I92: -19050896
C93: 투자부동산_건설중인자산 | D93: 2023-06-14 | E93: 토지(부대비용) / 투자부동산(신당동 160-14) 매입 관련 농특세 / 202306-경영기획팀-19 | F93: [거래처코드]R06976 : 법무사(정석) (214-02-34739) | G93: 2311230 | H93: 0 | I93: -16739666
C94: 투자부동산_건설중인자산 | D94: 2023-06-14 | E94: 토지(부대비용) / 투자부동산(신당동 160-14) 매입 관련 등기수수료 및 제출지 / 202306-경영기획팀-19 | F94: [거래처코드]R06976 : 법무사(정석) (214-02-34739) | G94: 30000 | H94: 0 | I94: -16709666
C95: 투자부동산_건설중인자산 | D95: 2023-06-14 | E95: 토지(부대비용) / 투자부동산(신당동 160-14) 매입 관련 제증명수수료 / 202306-경영기획팀-19 | F95: [거래처코드]R06976 : 법무사(정석) (214-02-34739) | G95: 10000 | H95: 0 | I95: -16699666
C96: 투자부동산_건설중인자산 | D96: 2023-06-14 | E96: 토지(부대비용) / 투자부동산(신당동 160-14) 매입 관련 인지대 / 202306-경영기획팀-19 | F96: [거래처코드]R06976 : 법무사(정석) (214-02-34739) | G96: 350000 | H96: 0 | I96: -16349666
C97: 투자부동산_건설중인자산 | D97: 2023-06-14 | E97: 토지(부대비용) / 투자부동산 (신당동 160-14) / 국민주택1종 채권 매도 시 처분손실/202306-경영기획팀-19 | F97: [거래처코드]P00198 : 우리은행 수원금융센터 (135-85-16348) | G97: 6830874 | H97: 0 | I97: -9518792
C98: 투자부동산_건설중인자산 | D98: 2023-06-14 | E98: 토지(부대비용) / 투자부동산(신당동 160-15 외) 매입 관련 법무사 수임료 / 202306-경영기획팀-19 | F98: [거래처코드]R06976 : 법무사(정석) (214-02-34739) | G98: 2070000 | H98: 0 | I98: -7448792
... C197: 투자부동산_건설중인자산 | D197: 2024-09-30 | E197: 투자부동산 신당동(160-14 외2필지)건물 신축 공사 토목 감리 9월 연장금액 지급 건 / 202410-인사팀-13 | F197: [거래처코드]R06988 : (주)나은티에스아이 (114-86-24080) | G197: 6000000 | H197: 0 | I197: 5917755494
C198: 투자부동산_건설중인자산 | D198: 45566 | E198: 차입원가 자본화 계정 대체(금리 변경으로 인한 조정) | F198: [거래처코드]P00190 : 신한은행 압구정역기업금융 (836-85-00425) | G198: -3619672 | H198: 0 | I198: 5914135822
C199: 투자부동산_건설중인자산 | D199: 45593 | E199: 투자 부동산 신당동(160-14 외2필지)건물 신축공사 엠엔지종합건설 8차 기성금 지급 건 / 202410-인사팀-70 | F199: [거래처코드]R07001 : 주식회사 엠엔지종합건설 (175-87-00396) | G199: 307000000 | H199: 0 | I199: 6221135822
C200: 투자부동산_건설중인자산 | D200: 45593 | E200: 투자 부동산 신당동(160-14 외2필지)건물 신축공사 엠엔지종합건설 7차 기성금 지급 건 / 202410-인사팀-71 | F200: [거래처코드]R07001 : 주식회사 엠엔지종합건설 (175-87-00396) | G200: 120000000 | H200: 0 | I200: 6341135822
C201: 투자부동산_건설중인자산 | D201: 45596 | E201: 차입원가 자본화 계정 대체 (10M/신한40억*4.61%*12/366) | F201: [거래처코드]P00190 : 신한은행 압구정역기업금융 (836-85-00425) | G201: 6045902 | H201: 0 | I201: 6347181724
C202: 투자부동산_건설중인자산 | D202: 45596 | E202: 차입원가 자본화 계정 대체 (10M/신한40억*4.61%*19/366) | F202: [거래처코드]P00190 : 신한은행 압구정역기업금융 (836-85-00425) | G202: 9572677 | H202: 0 | I202: 6356754401
C203: 투자부동산_건설중인자산 | D203: 45596 | E203: 투자부동산 신당동(160-14 외2필지)건물 신축 공사 토목 감리 10월 연장금액 지급 건 / 202411-인사팀-12 | F203: [거래처코드]R06988 : (주)나은티에스아이 (114-86-24080) | G203: 6000000 | H203: 0 | I203: 6362754401
C204: 투자부동산_건설중인자산 | D204: 45624 | E204: 투자부동산 신당동(160-14 외2필지)건물 신축 공사 엠엔지종합건설 설계변경 추가공사 2차기성금 지급 건 / 202412-인사팀-27 | F204: [거래처코드]R07001 : 주식회사 엠엔지종합건설 (175-87-00396) | G204: 110000000 | H204: 0 | I204: 6472754401
C205: 투자부동산_건설중인자산 | D205: 45624 | E205: 투자 부동산 신당동(160-14 외2필지)건물 신축공사 엠엔지종합건설 9차 기성금 지급 건 / 202412-인사팀-26 | F205: [거래처코드]R07001 : 주식회사 엠엔지종합건설 (175-87-00396) | G205: 345000000 | H205: 0 | I205: 6817754401
C206: 투자부동산_건설중인자산 | D206: 45626 | E206: 차입원가 자본화 계정 대체 (11M/신한40억*4.61%*12/366) | F206: [거래처코드]P00190 : 신한은행 압구정역기업금융 (836-85-00425) | G206: 6045902 | H206: 0 | I206: 6823800303
C207: 투자부동산_건설중인자산 | D207: 45626 | E207: 차입원가 자본화 계정 대체 (11M/신한40억*4.61%*18/366) | F207: [거래처코드]P00190 : 신한은행 압구정역기업금융 (836-85-00425) | G207: 9068852 | H207: 0 | I207: 6832869155
C208: 투자부동산_건설중인자산 | D208: 45626 | E208: 투자부동산 신당동(160-14 외2필지)건물 신축 공사 토목 감리 11월 연장금액 지급 건 / 202412-인사팀-28 | F208: [거래처코드]R06988 : (주)나은티에스아이 (114-86-24080) | G208: 6000000 | H208: 0 | I208: 6838869155
C209: 투자부동산_건설중인자산 | D209: 45635 | E209: 투자부동산 신당동 건축감리 지하골조 완료 기성금 지급 건 / 202412-인사팀-34 | F209: [거래처코드]R07241 : 주식회사포럼에이건축사사무소 (214-87-07428) | G209: 9821250 | H209: 0 | I209: 6848690405
... C214: 투자부동산_건설중인자산 | D214: 45660 | E214: 투자부동산 신당동 냉난방기 계약금 지급 건 / 202412-인사팀-77 | F214: [거래처코드]R07306 : (주)제트공조설계사무소 (814-86-02755) | G214: 45000000 | H214: 0 | I214: 7926745748
C215: 투자부동산_건설중인자산 | D215: 45688 | E215: 2025.1M 이자비용(1.1~1.12) 지급 (신한40억*4.61%*12/365) | F215: [거래처코드]P00190 : 신한은행 압구정역기업금융 (836-85-00425) | G215: 6062465 | H215: 0 | I215: =I214+G215 -> 7932808213
C216: 투자부동산_건설중인자산 | D216: 45688 | E216: 2025.1M 미지급이자(1.13~1.31) 계상(신한40억*4.61%*19/365) | F216: [거래처코드]P00190 : 신한은행 압구정역기업금융 (836-85-00425) | G216: 9598904 | H216: 0 | I216: =I215+G216 -> 7942407117
C217: 투자부동산_건설중인자산 | D217: 45699 | E217: 투자부동산 신당동 구조감리 완료 잔금 지급 건 / 202502-인사팀-35 | F217: [거래처코드]R07120 : 진구엔지니어링 (727-05-01453) | G217: 4090909 | H217: 0 | I217: =I216+G217 -> 7946498026
C218: 투자부동산_건설중인자산 | D218: 45701 | E218: 투자부동산 신당동 건축감리 지상골조 완료 기성금 지급 건 / 202502-인사팀-37 | F218: [거래처코드]R07241 : 주식회사포럼에이건축사사무소 (214-87-07428) | G218: 6000000 | H218: 0 | I218: =I217+G218 -> 7952498026
C219: 투자부동산_건설중인자산 | D219: 45708 | E219: 투자 부동산 신당동 엠엔지종합건설 11차 기성금 각 하도급 전기공사 직불 건 / 202502-인사팀-54 | F219: [거래처코드]R07326 : 단우건설(주) (671-81-02755) | G219: 100000000 | H219: 0 | I219: =I218+G219 -> 8052498026
C220: 투자부동산_건설중인자산 | D220: 45708 | E220: 투자 부동산 신당동 엠엔지종합건설 11차 기성금 각 하도급 설비공사 직불 건 / 202502-인사팀-54 | F220: [거래처코드]R07327 : (주)진성소방 (210-87-00554) | G220: 150000000 | H220: 0 | I220: =I219+G220 -> 8202498026
C221: 투자부동산_건설중인자산 | D221: 45708 | E221: 투자 부동산 신당동 엠엔지종합건설 11차 기성금 각 하도급 주차타워 직불 건 / 202502-인사팀-54 | F221: [거래처코드]R07328 : 센피온 (808-87-00346) | G221: 84000000 | H221: 0 | I221: =I220+G221 -> 8286498026
C222: 투자부동산_건설중인자산 | D222: 45708 | E222: 투자 부동산 신당동 엠엔지종합건설 11차 기성금 각 하도급 현장소장 직불 건 / 202502-인사팀-54 | F222: [거래처코드]R07329 : 이덕형(신당동공사소장) () | G222: 17272727 | H222: 0 | I222: =I221+G222 -> 8303770753
C223: 투자부동산_건설중인자산 | D223: 45708 | E223: 투자 부동산 신당동 엠엔지종합건설 11차 기성금 각 하도급 안전관리 급여 직불 건 / 202502-인사팀-54 | F223: [거래처코드]R07330 : 장성수(신당동안전관리인) () | G223: 20620198 | H223: 0 | I223: =I222+G223 -> 8324390951
C224: 투자부동산_건설중인자산 | D224: 45708 | E224: 투자 부동산 신당동 엠엔지종합건설 11차 기성금 각 하도급 철물 및 안전용품 직불 건 / 202502-인사팀-54 | F224: [거래처코드]R07331 : 신영종합건재 (226-28-19269) | G224: 14675000 | H224: 0 | I224: =I223+G224 -> 8339065951
C225: 투자부동산_건설중인자산 | D225: 45708 | E225: 투자 부동산 신당동 엠엔지종합건설 11차 기성금 각 하도급 엘레베이터 직불 건 / 202502-인사팀-54 | F225: [거래처코드]R07332 : 현대엘리베이터 (126-81-04267) | G225: 38500000 | H225: 0 | I225: =I224+G225 -> 8377565951
C226: 투자부동산_건설중인자산 | D226: 45708 | E226: 투자 부동산 신당동 엠엔지종합건설 11차 기성금 각 하도급 조적미장방수타일 직불 건 / 202502-인사팀-54 | F226: [거래처코드]R07333 : (주)대산건설 (312-88-00177) | G226: 150000000 | H226: 0 | I226: =I225+G226 -> 8527565951
... C281: 투자부동산_건설중인자산 | D281: 45856 | E281: 전력기금 | F281: [거래처코드]R01229 : 한국전력공사(통합) (120-82-00052) | G281: 12720 | H281: 0 | I281: =I280+G281 -> 9382868807
A282: v | C282: 투자부동산_건설중인자산 | D282: 45856 | E282: 가산금 | F282: [거래처코드]R01229 : 한국전력공사(통합) (120-82-00052) | G282: 150 | H282: 0 | I282: =I281+G282 -> 9382868957
C283: 투자부동산_건설중인자산 | D283: 45856 | E283: 원단위 절사 | F283: [거래처코드]R01229 : 한국전력공사(통합) (120-82-00052) | G283: -9 | H283: 0 | I283: =I282+G283 -> 9382868948
C284: 투자부동산_건설중인자산 | D284: 45860 | E284: 투자 부동산 신당동 160-14외2필지 방화문 재시공 진행 건 / 202507-인사팀- | F284: [거래처코드]R07416 : 범한 (280-69-00675) | G284: 15000000 | H284: 0 | I284: =I283+G284 -> 9397868948
C285: 투자부동산_건설중인자산 | D285: 45869 | E285: 2025.7M 이자비용 (신한40억) 차입원가 자본화 계정 대체 | F285: [거래처코드]P00190 : 신한은행 압구정역기업금융 (836-85-00425) | G285: 4813151 | H285: 0 | I285: =I284+G285 -> 9402682099
C286: 투자부동산_건설중인자산 | D286: 45869 | E286: 2025.7M 이자비용 (신한40억) 차입원가 자본화 계정 대체 | F286: [거래처코드]P00190 : 신한은행 압구정역기업금융 (836-85-00425) | G286: 7620821 | H286: 0 | I286: =I285+G286 -> 9410302920
C287: 투자부동산_건설중인자산 | D287: 45869 | E287: 투자 부동산 신당동 엠엔지종합건설 12차17회 기성금 주당공사 직불 건 / | F287: [거래처코드]R07403 : 주당공사 (212-17-86327) | G287: 9090909 | H287: 0 | I287: =I286+G287 -> 9419393829
C288: 투자부동산_건설중인자산 | D288: 45869 | E288: 투자 부동산 신당동 엠엔지종합건설 12차17회 기성금 성심인력 직불 건 / | F288: [거래처코드]R07384 : 성심인력 (522-86-01046) | G288: 3860000 | H288: 0 | I288: =I287+G288 -> 9423253829
C289: 투자부동산_건설중인자산 | D289: 45869 | E289: 투자 부동산 신당동 엠엔지종합건설 12차17회 기성금 신당소머리국밥 직불 건 / | F289: [거래처코드]R07383 : 신당소머리국밥 (306-37-31538) | G289: 665000 | H289: 0 | I289: =I288+G289 -> 9423918829
C290: 투자부동산_건설중인자산 | D290: 45869 | E290: 투자 부동산 신당동 엠엔지종합건설 12차19회 기성금 재원중기 폐기물 지게차 직불 건 / 202508-인사팀-28 | F290: [거래처코드]R07430 : 재원중기 (107-12-67305) | G290: 2200000 | H290: 0 | I290: =I289+G290 -> 9426118829
C291: 투자부동산_건설중인자산 | D291: 45869 | E291: 투자 부동산 신당동 엠엔지종합건설 12차19회 기성금 한성스톤 석재1차 공사 직불 건 / 202508-인사팀- | F291: [거래처코드]R07434 : 한성스톤 (756-18-01960) | G291: 1738400 | H291: 0 | I291: =I290+G291 -> 9427857229
C292: 투자부동산_건설중인자산 | D292: 45869 | E292: 투자 부동산 신당동 엠엔지종합건설 12차19회 기성금 번영몰탈 직불 건 / 202508-인사팀- | F292: [거래처코드]R07429 : 번영몰탈 (102-36-12534) | G292: 1700000 | H292: 0 | I292: =I291+G292 -> 9429557229
C293: 투자부동산_건설중인자산 | D293: 45869 | E293: 투자 부동산 신당동 엠엔지종합건설 12차19회 기성금 삼일이앤씨 폐콘운반 직불 건 / 202508-인사팀- | F293: [거래처코드]R07432 : 삼일이앤씨 (402-37-93808) | G293: 400000 | H293: 0 | I293: =I292+G293 -> 9429957229
...

Sheet 4600_투자부동산_대상이자비용
B4: 자본화대상 차입원가 분석
C9: (1) 26년 1분기말 기준 현재 차입금 등 현황
C10: 기준일 | D10: 46112
C11: 차입명 | D11: 금융기관 명 | E11: 구분 | F11: 변경 전 금액 | G11: 변경 후 금액 | H11: 내역 | I11: 최초차입일 | J11: 당초 만기일 | K11: 변경 전 이자율 | L11: 변경 만기일 | M11: 변경 후 이자율 | N11: 차입금 분류 | O11: 상환여부
C12: 차입금 | D12: 신한은행 | E12: 일반자금 | F12: 5000000000 | G12: 5000000000 | H12: 운전자금 | I12: 46023 | J12: 46112 | K12: 0.045 | L12: 46112 | M12: 0.045 | N12: 단기차입금 | O12: Rollover 차입금
C13: 차입금 | D13: 신한은행 | E13: 일반자금 | F13: 24000000000 | G13: 24000000000 | H13: 운전자금 | I13: 46023 | J13: 46035 | K13: 0.0369 | L13: 46035 | M13: 0.0384 | N13: 유동성장기차입금 | O13: 부
C14: 차입금 | D14: 신한은행 | E14: 일반자금 | F14: 24000000000 | G14: 24000000000 | H14: 운전자금 | I14: 46036 | J14: 46112 | K14: 0.0384 | L14: 46112 | M14: 0.0384 | N14: 유동성장기차입금 | O14: 부
C15: 차입금 | D15: 신한은행 | E15: 시설자금 | F15: 4000000000 | G15: 4000000000 | H15: 시설자금 | I15: 46023 | J15: 46112 | K15: 0.0366 | L15: 46112 | M15: 0.0366 | N15: 장기차입금 | O15: 부
C16: 전환사채 | D16: 기타 | E16: 전환사채 관련 이자 | F16: 0 | G16: 0 | H16: - | N16: 전환사채 | O16: 부
C17: 리스부채 | D17: 기타 | E17: 리스부채 관련 이자 | F17: 0 | G17: 0 | H17: - | N17: 리스부채 | O17: 리스상각
C21: <주 1> 차입원가 해당여부
C22: K-IFRS 1023호 차입원가
C23: 용어의 정의_문단 5
C24: 차입원가
C25: - 차입원가: 자금의 차입과 관련하여 발생하는 이자 및 기타 원가
C27: 용어의 정의_문단 6
C28: 차입원가는 다음과 같은 항목을 포함할 수 있다.
C29: (1) 기업회계기준서 제1109호에서 기술한 유효이자율법을 사용하여 계산된 이자비용
C30: (2) 기업회계기준서 제1116호 ‘리스’에 따라 인식하는 리스부채 관련 이자
C31: (3) 외화차입금과 관련되는 외환차이 중 이자원가의 조정으로 볼 수 있는 부분
C36: <주 2> 특정목적 차입여부
C37: K-IFRS 1023호 차입원가
... C79: 문단 14를 개정하여 ‘모든’ 차입금을 명시함에 따라 이 점을 명확히 하였다.
B1048533: O
B1048534: X
B1048535: 토지
B1048536: 건물
B1048537: 구축물
B1048538: 기계장치
B1048539: 차량운반구
B1048540: 기타(토지 포함)

Sheet 4600_투자부동산_차입원가자본화
B1: 차입원가 자본화 Schedule
B3: 시작일 | C3: 46023 | D3: =C4-C3+1 -> 90
B4: 기준일 | C4: 46112 | Q4: 31일기준
B5: 차입명 | C5: 금융기관 명 | D5: 구분 | E5: 변경 전 금액 | F5: 변경 후 금액 | G5: 내역 | H5: 최초차입일 | I5: 당초 만기일 | J5: 변경 전 이자율 | K5: 변경 만기일 | L5: 변경 후 이자율 | M5: 차입금 분류 | N5: 상환여부 | O5: 이자비용 | P5: 차입일수 | Q5: 연평균차입금 | R5: 가중평균 차입이자율
A6: 2 | B6: 차입금 | C6: 신한은행 | D6: 일반자금 | E6: 5000000000 | F6: 5000000000 | G6: 운전자금 | H6: 46023 | I6: 46112 | J6: 0.045 | K6: 46112 | L6: 0.045 | M6: 단기차입금 | N6: Rollover 차입금 | O6: 55479450 | P6: =MIN(I6-$C$3,366,$C$4-H6,I6-H6)+1 -> 90 | Q6: =F6*P6/90 -> 5000000000 | R6: =O6/Q6 -> 0.01109589 | S6: a
A7: 3 | B7: 차입금 | C7: 신한은행 | D7: 일반자금 | E7: 24000000000 | F7: 24000000000 | G7: 운전자금 | H7: 46023 | I7: 46035 | J7: 0.0369 | K7: 46035 | L7: 0.0384 | M7: 유동성장기차입금 | N7: 부 | O7: 29115616 | P7: =MIN(I7-$C$3,366,$C$4-H7,I7-H7)+1 -> 13 | Q7: =F7*P7/90 -> 3.4666667e+09 | R7: =O7/Q7 -> 0.0083987354 | S7: b
B8: 차입금 | C8: 신한은행 | D8: 일반자금 | E8: 24000000000 | F8: 24000000000 | G8: 운전자금 | H8: 46036 | I8: 46112 | J8: 0.0384 | K8: 46112 | L8: 0.0384 | M8: 유동성장기차입금 | N8: 부 | O8: 166645478 | P8: =MIN(I8-$C$3,366,$C$4-H8,I8-H8)+1 -> 77 | Q8: =F8*P8/90 -> 2.0533333e+10 | R8: =O8/Q8 -> 0.0081158512 | S8: C
A9: 4 | B9: 차입금 | C9: 신한은행 | D9: 시설자금 | E9: 4000000000 | F9: 4000000000 | G9: 시설자금 | H9: 46023 | I9: 46112 | J9: 0.0366 | K9: 46112 | L9: 0.0366 | M9: 장기차입금 | N9: 부 | O9: 36098627 | P9: =MIN(I9-$C$3,366,$C$4-H9,I9-H9)+1 -> 90 | Q9: =F9*P9/90 -> 4000000000 | R9: =O9/Q9 -> 0.0090246568 | S9: d
A10: 21 | B10: 전환사채 | C10: 기타 | D10: 전환사채 관련 이자 | E10: 0 | F10: 0 | G10: - | M10: 전환사채 | N10: 부 | O10: 136828005 | Q10: =L22 -> 2.3061821e+09 | R10: =O10/Q10 -> 0.059330962 | S10: e | T10: <주1>
B11: 리스부채 | C11: 기타 | D11: 리스부채 관련 이자 | E11: 0 | F11: 0 | G11: - | M11: 리스부채 | N11: 리스상각 | O11: 8632420 | Q11: =J31 -> 5.91884e+08 | R11: =O11/Q11 -> 0.014584648 | S11: f | T11: <주2>
O12: =SUM(O6:O11)-O9 -> 396700969 | Q12: =SUM(Q6:Q11)-Q9 -> 3.1898066e+10 | R12: =O12/Q12 -> 0.012436521
B13: <주1> | O13: =O12-C48 -> 0
B14: 전환사채 | C14: 일자 | D14: 기초 | E14: 전환 | F14: 발행 | G14: 평가 | H14: 상각 | I14: 잔액 | J14: 일수 | K14: 적수 | L14: 연평균
C15: 46023 | D15: 2270470844 | I15: =D15+E15+F15+G15+H15 -> 2270470844 | J15: =C16-C15 -> 9 | K15: =I15*J15 -> 20434237596 | L15: =K15/90 -> 2.2704708e+08
C16: 46032 | D16: =I15 -> 2270470844 | H16: -15197893 | I16: =D16+E16+F16+G16-H16 -> 2285668737 | J16: =C17-C16 -> 21 | K16: =I16*J16 -> 47999043477 | L16: =K16/90 -> 5.3332271e+08
C17: 46053 | D17: =I16 -> 2285668737 | H17: -9510738 | I17: =D17+E17+F17+G17-H17 -> 2295179475 | J17: =C18-C17 -> 10 | K17: =I17*J17 -> 22951794750 | L17: =K17/90 -> 2.5501994e+08
C18: 46063 | D18: =I17 -> 2295179475 | H18: -15415155 | I18: =D18+E18+F18+G18-H18 -> 2310594630 | J18: =C19-C18 -> 18 | K18: =I18*J18 -> 41590703340 | L18: =K18/90 -> 462118926
C19: 46081 | D19: =I18 -> 2310594630 | H19: -7859049 | I19: =D19+E19+F19+G19-H19 -> 2318453679 | J19: =C20-C19 -> 10 | K19: =I19*J19 -> 23184536790 | L19: =K19/90 -> 2.5760596e+08
C20: 46091 | D20: =I19 -> 2318453679 | H20: -17276136 | I20: =D20+E20+F20+G20-H20 -> 2335729815 | J20: =C21-C20 -> 21 | K20: =I20*J20 -> 49050326115 | L20: =K20/90 -> 5.4500362e+08
C21: 46112 | D21: =I20 -> 2335729815 | H21: -10019860 | I21: =D21+E21+F21+G21-H21 -> 2345749675 | J21: =C22-C21 -> 1 | K21: =I21*J21 -> 2345749675 | L21: =K21/90 -> 26063885
C22: 46113 | E22: =SUM(E15:E19) -> 0 | H22: =SUM(H16:H21) -> -75278831 | J22: =SUM(J15:J21) -> 90 | K22: =SUM(K15:K21) -> 207556391743 | L22: =K22/90 -> 2.3061821e+09
B25: <주2>
B26: 리스부채 | C26: 일자 | D26: 기초 | E26: 신규 | F26: 상환 | G26: 잔액 | H26: 일수 | I26: 적수 | J26: 연평균
C27: 46023 | D27: 611325726 | G27: =D27-E27+F27 -> 611325726 | H27: =C28-C27 -> 30 | I27: =G27*H27 -> 18339771780 | J27: =I27/90 -> 203775242
C28: 46053 | D28: =G27 -> 611325726 | F28: 21103827 | G28: =D28+E28-F28 -> 590221899 | H28: =C29-C28 -> 28 | I28: =G28*H28 -> 16526213172 | J28: =I28/90 -> 1.8362459e+08
C29: 46081 | D29: =G28 -> 590221899 | E29: 7019197 | F29: 21464500 | G29: =D29+E29-F29 -> 575776596 | H29: =C30-C29 -> 31 | I29: =G29*H29 -> 17849074476 | J29: =I29/90 -> 1.9832305e+08
C30: 46112 | D30: =G29 -> 575776596 | F30: 21276253 | G30: =D30+E30-F30 -> 554500343 | H30: =C31-C30 -> 1 | I30: =G30*H30 -> 554500343 | J30: =I30/90 -> 6161114.9
C31: 46113 | E31: =SUM(E27:E30) -> 7019197 | F31: =SUM(F27:F30) -> 63844580 | H31: =SUM(H27:H30) -> 90 | I31: =SUM(I27:I30) -> 53269559771 | J31: =SUM(J27:J30) -> 5.91884e+08
B36: 1) 특정차입금
B37: 신한은행 시설자금(투자부동산)
B38: 이자비용 | C38: =O9 -> 36098627
B39: 특정차입금 | C39: =F9 -> 4000000000
B41: 2) 일반차입금
B42: 투자부동산_토지 | D42: 투자부동산_건설중인자산
B43: 특정차입금 | C43: =C39 -> 4000000000 | D43: 특정차입금
B44: 일반차입금 | D44: 일반차입금
B45: 연평균지출액 | C45: ='4600_투자부동산_적격지출'!K821 -> 7072519926 | D45: 연평균지출액 | E45: ='4600_투자부동산_적격지출'!K814 -> 9.030117e+09
B46: 자본화대상이자비용 | C46: =MIN(C45-C43)*$R$12 -> 38211459 | D46: 자본화대상이자비용 | E46: =(E45-E43)*R12 -> 1.1230324e+08
B48: 실제지출총액(한도) | C48: =O12 -> 396700969
B49: 자본화대상 | C49: =(C46+E46+C38) -> 1.8661333e+08
B50: 차입원가 자본화 | C50: =MIN(C48,C49) -> 1.8661333e+08
B51: 조정 기표 금액 | C51: =C50-C38 -> 1.505147e+08

Sheet 4600_투자부동산_주석
A3: (1) 당반기와 전반기 중 투자부동산의 변동내역은 다음과 같습니다.
A5: (단위: 원)
A6: 구분 | B6: 당반기 | C6: 전반기
A7: 기초 | B7: 35949802624 | C7: 39217355654
A8: 취득 | B8: 644565228 | C8: 1297691450 | D8: =B8='4600_투자부동산'!B34 -> TRUE
A9: 처분 | B9: 0
A10: 감가상각비 | B10: -148761889 | C10: -88097949 | D10: =B10=-'4700_유형자산_분석적검토'!B23 -> TRUE
A11: 손상 | B11: 0
A12: 기타(*1) | B12: -9848600697
A13: 반기말(*2) | B13: 26597005266 | C13: 40426949155
B15: =B13='4600_투자부동산'!E18+'4600_투자부동산'!E22 -> TRUE
B17: 계정명 | C17: 대체증가 | D17: 대체감소 | E17: 순증감
B18: 토지 | C18: ='4600_투자부동산'!D38 -> 4280784678 | D18: ='4600_투자부동산'!J38 -> 7072519926 | E18: =C18-D18 -> -2791735248
B19: 건물 | C19: ='4600_투자부동산'!D39 -> 12292305202 | D19: ='4600_투자부동산'!J39 -> 11147763220 | E19: =C19-D19 -> 1144541982
B20: 감누액 | C20: ='4600_투자부동산'!C41 -> -225729098 | D20: =-'4600_투자부동산_매각예정자산대체'!C37 -> -67022507 | E20: =C20-D20 -> -158706591
B21: 손상차손 | E21: =C21-D21 -> 0
B22: 건설중인자산 | C22: ='4600_투자부동산'!D40 -> 0 | D22: ='4600_투자부동산'!J40 -> 11147763220 | E22: =C22-D22 -> -11147763220
B23: 손상차손 | D23: ='4600_투자부동산'!J42 -> -3105062380 | E23: =C23-D23 -> 3105062380
B24: 합계 | C24: =SUM(C18:C23) -> 16347360782 | D24: =SUM(D18:D23) -> 26195961479 | E24: =SUM(E18:E23) -> -9848600697 | F24: =E24-B12 -> 0 | G24: 신당동 감가비
A27: (2) 당반기 및 전반기 중 투자부동산과 관련하여 손익으로 인식한 내역은 다음과 같습니다.
A28: 구분 | B28: 당반기 | C28: 전반기
A29: 임대매출 | B29: =SUMIF(데이터개요_계정별!$A$2:$A$600,'4600_투자부동산_주석'!A29,데이터개요_계정별!$G$2:$G$400) -> 213843315 | C29: 185031787
A30: 임대매출원가 | B30: =SUMIF(데이터개요_계정별!$A$2:$A$600,'4600_투자부동산_주석'!A30,데이터개요_계정별!$C$2:$C$400) -> 161802713 | C30: 171147667

Sheet 4700_유형자산
A2: =기본사항!C8 -> 주식회사 경남제약 | G2: 조서No. 4701
A3: 유형자산
A4: LEAD SCHEDULE
A5: 작성자 | C5: =기본사항!C11 -> 이병하 | E5: 검토자 | G5: =기본사항!C13 -> 이광우
A6: 작성일 | C6: =기본사항!C12 -> 46227 | E6: 검토일 | G6: =기본사항!C14 -> 46227
A7: 결산일 | C7: =기본사항!C10 -> 46203
A10: 취득원가 | E10: =기본사항!C10 -> 46203 | I10: 비 고
A11: ACCOUNT | B11: 전기잔액 | C11: INCREASE | D11: DECREASE | E11: PER BOOK | F11: AJE | G11: RES | H11: FINAL | I11: Refer | J11: NOTE
A12: 토지 | B12: 22189289848 | C12: =IFERROR(_xlfn.XLOOKUP(A12,데이터개요_계정별!$A$2:$A$400,데이터개요_계정별!$C$2:$C$400,,0,),0) -> 0 | D12: =IFERROR(_xlfn.XLOOKUP(A12,데이터개요_계정별!$A$2:$A$400,데이터개요_계정별!$G$2:$G$400,,0,),0) -> 4280784678 | E12: =B12+C12-D12 -> 17908505170 | H12: =E12+F12+G12 -> 17908505170 | I12: C710
A13: 건물 | B13: 11609712365 | C13: =IFERROR(_xlfn.XLOOKUP(A13,데이터개요_계정별!$A$2:$A$400,데이터개요_계정별!$C$2:$C$400,,0,),0) -> 0 | D13: =IFERROR(_xlfn.XLOOKUP(A13,데이터개요_계정별!$A$2:$A$400,데이터개요_계정별!$G$2:$G$400,,0,),0) -> 1144541982 | E13: =B13+C13-D13 -> 10465170383 | H13: =E13+F13+G13 -> 10465170383 | I13: C720
A14: 구축물 | B14: 613530000 | C14: =IFERROR(_xlfn.XLOOKUP(A14,데이터개요_계정별!$A$2:$A$400,데이터개요_계정별!$C$2:$C$400,,0,),0) -> 0 | D14: =IFERROR(_xlfn.XLOOKUP(A14,데이터개요_계정별!$A$2:$A$400,데이터개요_계정별!$G$2:$G$400,,0,),0) -> 0 | E14: =B14+C14-D14 -> 613530000 | H14: =E14+F14+G14 -> 613530000 | I14: C721
A15: 기계장치 | B15: 9099800904 | C15: =IFERROR(_xlfn.XLOOKUP(A15,데이터개요_계정별!$A$2:$A$400,데이터개요_계정별!$C$2:$C$400,,0,),0) -> 14000000 | D15: =IFERROR(_xlfn.XLOOKUP(A15,데이터개요_계정별!$A$2:$A$400,데이터개요_계정별!$G$2:$G$400,,0,),0) -> 0 | E15: =B15+C15-D15 -> 9113800904 | H15: =E15+F15+G15 -> 9113800904 | I15: C730
A16: 차량운반구 | B16: 137351362 | C16: =IFERROR(_xlfn.XLOOKUP(A16,데이터개요_계정별!$A$2:$A$400,데이터개요_계정별!$C$2:$C$400,,0,),0) -> 72676310 | D16: =IFERROR(_xlfn.XLOOKUP(A16,데이터개요_계정별!$A$2:$A$400,데이터개요_계정별!$G$2:$G$400,,0,),0) -> 39674148 | E16: =B16+C16-D16 -> 170353524 | H16: =E16+F16+G16 -> 170353524 | I16: C740
A17: 비품 | B17: 1387225020 | C17: =IFERROR(_xlfn.XLOOKUP(A17,데이터개요_계정별!$A$2:$A$400,데이터개요_계정별!$C$2:$C$400,,0,),0) -> 0 | D17: =IFERROR(_xlfn.XLOOKUP(A17,데이터개요_계정별!$A$2:$A$400,데이터개요_계정별!$G$2:$G$400,,0,),0) -> 0 | E17: =B17+C17-D17 -> 1387225020 | H17: =E17+F17+G17 -> 1387225020 | I17: C741
A18: 시설장치 | B18: 3781172913 | C18: =IFERROR(_xlfn.XLOOKUP(A18,데이터개요_계정별!$A$2:$A$400,데이터개요_계정별!$C$2:$C$400,,0,),0) -> 8030000 | D18: =IFERROR(_xlfn.XLOOKUP(A18,데이터개요_계정별!$A$2:$A$400,데이터개요_계정별!$G$2:$G$400,,0,),0) -> 0 | E18: =B18+C18-D18 -> 3789202913 | H18: =E18+F18+G18 -> 3789202913 | I18: C750
A19: 건설중인자산 | B19: 485800000 | C19: =IFERROR(_xlfn.XLOOKUP(A19,데이터개요_계정별!$A$2:$A$400,데이터개요_계정별!$C$2:$C$400,,0,),0) -> 4517326310 | D19: =IFERROR(_xlfn.XLOOKUP(A19,데이터개요_계정별!$A$2:$A$400,데이터개요_계정별!$G$2:$G$400,,0,),0) -> 3273676310 | E19: =B19+C19-D19 -> 1729450000 | H19: =E19+F19+G19 -> 1729450000 | I19: C760
A20: 사용권자산 | B20: 837404699 | C20: =IFERROR(_xlfn.XLOOKUP(A20,데이터개요_계정별!$A$2:$A$400,데이터개요_계정별!$C$2:$C$400,,0,),0) -> 305056685 | D20: =IFERROR(_xlfn.XLOOKUP(A20,데이터개요_계정별!$A$2:$A$400,데이터개요_계정별!$G$2:$G$400,,0,),0) -> 34093119 | E20: =B20+C20-D20 -> 1108368265 | H20: =E20+F20+G20 -> 1108368265
A22: 합 계 | B22: =SUM(B12:B20) -> 50141287111 | C22: =SUM(C12:C20) -> 4917089305 | D22: =SUM(D12:D20) -> 8772770237 | E22: =SUM(E12:E20) -> 46285606179 | F22: =SUM(F12:F20) -> 0 | G22: =SUM(G12:G20) -> 0 | H22: =SUM(H12:H20) -> 46285606179
A24: 상각누계액 | I24: 비 고
A25: ACCOUNT | B25: 전기잔액 | C25: INCREASE | D25: DECREASE | E25: PER BOOK | F25: AJE | G25: RES | H25: FINAL | I25: Refer | J25: NOTE
A26: 건물감가상각누계액 | B26: -5528301608 | C26: =-IFERROR(_xlfn.XLOOKUP(A26,데이터개요_계정별!$A$2:$A$400,데이터개요_계정별!$G$2:$G$400,,0,),0) -> -167823807 | D26: =-IFERROR(_xlfn.XLOOKUP(A26,데이터개요_계정별!$A$2:$A$400,데이터개요_계정별!$C$2:$C$400,,0,),0) -> -228268147 | E26: =B26+C26-D26 -> -5467857268 | H26: =E26+F26+G26 -> -5467857268 | I26: C720
A27: 구축물감가상각누계액 | B27: -307087106 | C27: =-IFERROR(_xlfn.XLOOKUP(A27,데이터개요_계정별!$A$2:$A$400,데이터개요_계정별!$G$2:$G$400,,0,),0) -> -11466131 | D27: =-IFERROR(_xlfn.XLOOKUP(A27,데이터개요_계정별!$A$2:$A$400,데이터개요_계정별!$C$2:$C$400,,0,),0) -> 0 | E27: =B27+C27-D27 -> -318553237 | H27: =E27+F27+G27 -> -318553237 | I27: C730
A28: 기계장치감가상각누계액 | B28: -3908029045 | C28: =-IFERROR(_xlfn.XLOOKUP(A28,데이터개요_계정별!$A$2:$A$400,데이터개요_계정별!$G$2:$G$400,,0,),0) -> -175156825 | D28: =-IFERROR(_xlfn.XLOOKUP(A28,데이터개요_계정별!$A$2:$A$400,데이터개요_계정별!$C$2:$C$400,,0,),0) -> 0 | E28: =B28+C28-D28 -> -4083185870 | H28: =E28+F28+G28 -> -4083185870 | I28: C740
A29: 차량운반구감가상각누계액 | B29: -137343362 | C29: =-IFERROR(_xlfn.XLOOKUP(A29,데이터개요_계정별!$A$2:$A$400,데이터개요_계정별!$G$2:$G$400,,0,),0) -> -6056359 | D29: =-IFERROR(_xlfn.XLOOKUP(A29,데이터개요_계정별!$A$2:$A$400,데이터개요_계정별!$C$2:$C$400,,0,),0) -> -39673148 | E29: =B29+C29-D29 -> -103726573 | H29: =E29+F29+G29 -> -103726573 | I29: C750
A30: 비품감가상각누계액 | B30: -1274972951 | C30: =-IFERROR(_xlfn.XLOOKUP(A30,데이터개요_계정별!$A$2:$A$400,데이터개요_계정별!$G$2:$G$400,,0,),0) -> -17647645 | D30: =-IFERROR(_xlfn.XLOOKUP(A30,데이터개요_계정별!$A$2:$A$400,데이터개요_계정별!$C$2:$C$400,,0,),0) -> 0 | E30: =B30+C30-D30 -> -1292620596 | H30: =E30+F30+G30 -> -1292620596 | I30: C760
A31: 시설장치감가상각누계액 | B31: -3309110669 | C31: =-IFERROR(_xlfn.XLOOKUP(A31,데이터개요_계정별!$A$2:$A$400,데이터개요_계정별!$G$2:$G$400,,0,),0) -> -136140282 | D31: =-IFERROR(_xlfn.XLOOKUP(A31,데이터개요_계정별!$A$2:$A$400,데이터개요_계정별!$C$2:$C$400,,0,),0) -> 0 | E31: =B31+C31-D31 -> -3445250951 | H31: =E31+F31+G31 -> -3445250951 | I31: C761
A32: 사용권자산감가상각누계액 | B32: -237158749 | C32: =-IFERROR(_xlfn.XLOOKUP(A32,데이터개요_계정별!$A$2:$A$400,데이터개요_계정별!$G$2:$G$400,,0,),0) -> -146939846 | D32: =-IFERROR(_xlfn.XLOOKUP(A32,데이터개요_계정별!$A$2:$A$400,데이터개요_계정별!$C$2:$C$400,,0,),0) -> -31935106 | E32: =B32+C32-D32 -> -352163489 | H32: =E32+F32+G32 -> -352163489 | I32: C770
A34: 합 계 | B34: =SUM(B26:B33) -> -14702003490 | C34: =SUM(C26:C33) -> -661230895 | D34: =SUM(D26:D33) -> -299876401 | E34: =SUM(E26:E33) -> -15063357984 | F34: =SUM(F26:F33) -> 0 | G34: =SUM(G26:G33) -> 0 | H34: =SUM(H26:H33) -> -15063357984
A36: 손상차손누계액 | I36: 비 고
A37: ACCOUNT | B37: 전기잔액 | C37: INCREASE | D37: DECREASE | E37: PER BOOK | F37: AJE | G37: RES | H37: FINAL | I37: Refer | J37: NOTE
A38: 기계장치손상차손누계액 | B38: -326984578 | C38: 0 | D38: 0 | E38: =B38-D38+C38 -> -326984578 | H38: =SUM(E38:G38) -> -326984578
A39: 비품손상차손누계액 | B39: -6560834 | C39: 0 | D39: 0 | E39: =B39-D39+C39 -> -6560834 | H39: =SUM(E39:G39) -> -6560834
A40: 건설중인자산손상차손누계액 | B40: -33925265 | C40: 12880846 | D40: 0 | E40: =B40-D40+C40 -> -21044419 | H40: =SUM(E40:G40) -> -21044419
A41: 사용권자산손상차손누계액 | B41: -3339977 | C41: 0 | D41: 0 | E41: =B41-D41+C41 -> -3339977 | H41: =SUM(E41:G41) -> -3339977
H42: =SUM(E42:G42) -> 0
A43: 합 계 | B43: =SUM(B35:B42) -> -370810654 | C43: =SUM(C35:C42) -> 12880846 | D43: =SUM(D35:D42) -> 0 | E43: =SUM(E35:E42) -> -357929808 | F43: =SUM(F35:F42) -> 0 | G43: =SUM(G35:G42) -> 0 | H43: =SUM(H35:H42) -> -357929808
A44: 순장부금액 | B44: =B22+B34+B43 -> 35068472967 | E44: =E22+E34+E43 -> 30864318387 | H44: =H22+H34+H43 -> 30864318387
A46: ▶ 증감분석
A47: ACCOUNT | B47: 증감금액 | C47: 증감비율 | D47: 비 고
A48: 토지 | B48: =E12-B12 -> -4280784678 | C48: =B48/B12 -> -0.19292121 | D48: 경남제약 본사 건물 9층,11층 임대에 따른 투자부동산 대체
A49: 건물 | B49: =(E13-B13)+(E26-B26) -> -1084097642 | C49: =B49/B13 -> -0.09337851 | D49: 경남제약 본사 건물 9층,11층 임대에 따른 투자부동산 대체
A50: 구축물 | B50: =(E14-B14)+(E27-B27) -> -11466131 | C50: =B50/B14 -> -0.018688786
A51: 기계장치 | B51: =(E15-B15)+(E28-B28) -> -161156825 | C51: =B51/B15 -> -0.017709929
A52: 차량운반구 | B52: =(E16-B16)+(E29-B29) -> 66618951 | C52: =B52/B16 -> 0.48502578
A53: 비품 | B53: =(E17-B17)+(E30-B30) -> -17647645 | C53: =B53/B17 -> -0.012721545
A54: 시설장치 | B54: =(E18-B18)+(E31-B31) -> -128110282 | C54: =B54/B18 -> -0.033881096
A55: 건설중인자산 | B55: =(E19-B19)+(E32-B32) -> 1128645260 | C55: =B55/B19 -> 2.3232714 | D55: 아산공장 증축관련 공사비 14억원으로 인한 영향임
A56: 사용권자산 | B56: =(E20-B20)+(E32-B32) -> 155958826 | C56: =B56/B20 -> 0.18624069
A59: ▶ 증감구분
A60: ACCOUNT | B60: 증가 | E60: 감소
B61: 취득 | C61: 대체 | D61: 합계 | E61: 처분 | F61: 대체 | G61: 합계
A62: 토지 | B62: =SUMIFS('4700_유형자산_증가'!$G$8:$G$164,'4700_유형자산_증가'!$E$8:$E$164,'4700_유형자산'!A62,'4700_유형자산_증가'!W$8:W$164,$B$61) -> 0 | C62: =SUMIFS('4700_유형자산_증가'!$G$8:$G$120,'4700_유형자산_증가'!$E$8:$E$120,A62,'4700_유형자산_증가'!$W$8:$W$120,$C$61) -> 0 | D62: =B62+C62 -> 0 | E62: =SUMIFS('4700_유형자산_감소'!$H$7:$H$103,'4700_유형자산_감소'!$E$7:$E$103,A62,'4700_유형자산_감소'!$W$7:$W$103,$E$61) -> 0 | F62: =SUMIFS('4700_유형자산_감소'!$H$7:$H$103,'4700_유형자산_감소'!$E$7:$E$103,A62,'4700_유형자산_감소'!$W$7:$W$103,$F$61) -> 4280784678 | G62: =E62+F62 -> 4280784678 | H62: =D62=C12 -> TRUE | I62: =G62=D12 -> TRUE
A63: 건물 | B63: =SUMIFS('4700_유형자산_증가'!$G$8:$G$164,'4700_유형자산_증가'!$E$8:$E$164,'4700_유형자산'!A63,'4700_유형자산_증가'!W$8:W$164,$B$61) -> 0 | C63: =SUMIFS('4700_유형자산_증가'!$G$8:$G$120,'4700_유형자산_증가'!$E$8:$E$120,A63,'4700_유형자산_증가'!$W$8:$W$120,$C$61) -> 0 | D63: =B63+C63 -> 0 | E63: =SUMIFS('4700_유형자산_감소'!$H$7:$H$103,'4700_유형자산_감소'!$E$7:$E$103,A63,'4700_유형자산_감소'!$W$7:$W$103,$E$61) -> 0 | F63: =SUMIFS('4700_유형자산_감소'!$H$7:$H$103,'4700_유형자산_감소'!$E$7:$E$103,A63,'4700_유형자산_감소'!$W$7:$W$103,$F$61) -> 1144541982 | G63: =E63+F63 -> 1144541982 | H63: =D63=C13 -> TRUE | I63: =G63=D13 -> TRUE
A64: 구축물 | B64: =SUMIFS('4700_유형자산_증가'!$G$8:$G$164,'4700_유형자산_증가'!$E$8:$E$164,'4700_유형자산'!A64,'4700_유형자산_증가'!W$8:W$164,$B$61) -> 0 | C64: =SUMIFS('4700_유형자산_증가'!$G$8:$G$120,'4700_유형자산_증가'!$E$8:$E$120,A64,'4700_유형자산_증가'!$W$8:$W$120,$C$61) -> 0 | D64: =B64+C64 -> 0 | E64: =SUMIFS('4700_유형자산_감소'!$H$7:$H$103,'4700_유형자산_감소'!$E$7:$E$103,A64,'4700_유형자산_감소'!$W$7:$W$103,$E$61) -> 0 | F64: =SUMIFS('4700_유형자산_감소'!$H$7:$H$103,'4700_유형자산_감소'!$E$7:$E$103,A64,'4700_유형자산_감소'!$W$7:$W$103,$F$61) -> 0 | G64: =E64+F64 -> 0 | H64: =D64=C14 -> TRUE | I64: =G64=D14 -> TRUE
A65: 기계장치 | B65: =SUMIFS('4700_유형자산_증가'!$G$8:$G$164,'4700_유형자산_증가'!$E$8:$E$164,'4700_유형자산'!A65,'4700_유형자산_증가'!W$8:W$164,$B$61) -> 14000000 | C65: =SUMIFS('4700_유형자산_증가'!$G$8:$G$120,'4700_유형자산_증가'!$E$8:$E$120,A65,'4700_유형자산_증가'!$W$8:$W$120,$C$61) -> 0 | D65: =B65+C65 -> 14000000 | E65: =SUMIFS('4700_유형자산_감소'!$H$7:$H$103,'4700_유형자산_감소'!$E$7:$E$103,A65,'4700_유형자산_감소'!$W$7:$W$103,$E$61) -> 0 | F65: =SUMIFS('4700_유형자산_감소'!$H$7:$H$103,'4700_유형자산_감소'!$E$7:$E$103,A65,'4700_유형자산_감소'!$W$7:$W$103,$F$61) -> 0 | G65: =E65+F65 -> 0 | H65: =D65=C15 -> TRUE | I65: =G65=D15 -> TRUE
A66: 차량운반구 | B66: =SUMIFS('4700_유형자산_증가'!$G$8:$G$164,'4700_유형자산_증가'!$E$8:$E$164,'4700_유형자산'!A66,'4700_유형자산_증가'!W$8:W$164,$B$61) -> 0 | C66: =SUMIFS('4700_유형자산_증가'!$G$8:$G$120,'4700_유형자산_증가'!$E$8:$E$120,A66,'4700_유형자산_증가'!$W$8:$W$120,$C$61) -> 72676310 | D66: =B66+C66 -> 72676310 | E66: =D16 -> 39674148 | F66: =SUMIFS('4700_유형자산_감소'!$H$7:$H$103,'4700_유형자산_감소'!$E$7:$E$103,A66,'4700_유형자산_감소'!$W$7:$W$103,$F$61) -> 0 | G66: =E66+F66 -> 39674148 | H66: =D66=C16 -> TRUE | I66: =G66=D16 -> TRUE
A67: 비품 | B67: =SUMIFS('4700_유형자산_증가'!$G$8:$G$164,'4700_유형자산_증가'!$E$8:$E$164,'4700_유형자산'!A67,'4700_유형자산_증가'!W$8:W$164,$B$61) -> 0 | C67: =SUMIFS('4700_유형자산_증가'!$G$8:$G$120,'4700_유형자산_증가'!$E$8:$E$120,A67,'4700_유형자산_증가'!$W$8:$W$120,$C$61) -> 0 | D67: =B67+C67 -> 0 | E67: =SUMIFS('4700_유형자산_감소'!$H$7:$H$103,'4700_유형자산_감소'!$E$7:$E$103,A67,'4700_유형자산_감소'!$W$7:$W$103,$E$61) -> 0 | F67: =SUMIFS('4700_유형자산_감소'!$H$7:$H$103,'4700_유형자산_감소'!$E$7:$E$103,A67,'4700_유형자산_감소'!$W$7:$W$103,$F$61) -> 0 | G67: =E67+F67 -> 0 | H67: =D67=C17 -> TRUE | I67: =G67=D17 -> TRUE
A68: 시설장치 | B68: =SUMIFS('4700_유형자산_증가'!$G$8:$G$164,'4700_유형자산_증가'!$E$8:$E$164,'4700_유형자산'!A68,'4700_유형자산_증가'!W$8:W$164,$B$61) -> 8030000 | C68: =SUMIFS('4700_유형자산_증가'!$G$8:$G$120,'4700_유형자산_증가'!$E$8:$E$120,A68,'4700_유형자산_증가'!$W$8:$W$120,$C$61) -> 0 | D68: =B68+C68 -> 8030000 | E68: =SUMIFS('4700_유형자산_감소'!$H$7:$H$103,'4700_유형자산_감소'!$E$7:$E$103,A68,'4700_유형자산_감소'!$W$7:$W$103,$E$61) -> 0 | F68: =SUMIFS('4700_유형자산_감소'!$H$7:$H$103,'4700_유형자산_감소'!$E$7:$E$103,A68,'4700_유형자산_감소'!$W$7:$W$103,$F$61) -> 0 | G68: =E68+F68 -> 0 | H68: =D68=C18 -> TRUE | I68: =G68=D18 -> TRUE
A69: 건설중인자산 | B69: =SUMIFS('4700_유형자산_증가'!$G$8:$G$164,'4700_유형자산_증가'!$E$8:$E$164,'4700_유형자산'!A69,'4700_유형자산_증가'!W$8:W$164,$B$61) -> 4517326310 | C69: =SUMIFS('4700_유형자산_증가'!$G$8:$G$120,'4700_유형자산_증가'!$E$8:$E$120,A69,'4700_유형자산_증가'!$W$8:$W$120,$C$61) -> 0 | D69: =B69+C69 -> 4517326310 | E69: =SUMIFS('4700_유형자산_감소'!$H$7:$H$103,'4700_유형자산_감소'!$E$7:$E$103,A69,'4700_유형자산_감소'!$W$7:$W$103,$E$61) -> 0 | F69: =SUMIFS('4700_유형자산_감소'!$H$7:$H$103,'4700_유형자산_감소'!$E$7:$E$103,A69,'4700_유형자산_감소'!$W$7:$W$103,$F$61) -> 3273676310 | G69: =E69+F69 -> 3273676310 | H69: =D69=C19 -> TRUE | I69: =G69=D19 -> TRUE
A70: 사용권자산 | B70: =SUMIFS('4700_유형자산_증가'!$G$8:$G$164,'4700_유형자산_증가'!$E$8:$E$164,'4700_유형자산'!A70,'4700_유형자산_증가'!W$8:W$164,$B$61) -> 0 | C70: =C20 -> 305056685 | D70: =B70+C70 -> 305056685 | E70: =D20 -> 34093119 | F70: =SUMIFS('4700_유형자산_감소'!$H$7:$H$103,'4700_유형자산_감소'!$E$7:$E$103,A70,'4700_유형자산_감소'!$W$7:$W$103,$F$61) -> 0 | G70: =E70+F70 -> 34093119 | H70: =D70=C20 -> TRUE | I70: =G70=D20 -> TRUE
A71: 합 계 | B71: =SUM(B62:B70) -> 4539356310 | C71: =SUM(C62:C70) -> 377732995 | D71: =SUM(D62:D70) -> 4917089305 | E71: =SUM(E62:E70) -> 73767267 | F71: =SUM(F62:F70) -> 8699002970 | G71: =SUM(G62:G70) -> 8772770237
A73: 대체증가 | B73: 부동산_건설중인자산에서 | C73: 건설중인자산에서 | D73: 합계 | F73: 대체감소 | G73: 부동산_토지로 | H73: 투자부동산_건물로 | I73: 차량운반구로 | J73: 무형자산으로 | K73: 합계
A74: 토지 | C74: ='4600_투자부동산_증가'!G23 -> 0 | D74: =SUM(B74:C74) -> 0 | F74: 토지 | G74: ='4700_유형자산_감소'!H12 -> 4280784678 | H74: ='4600_투자부동산_증가'!L23 -> 0 | K74: =SUM(G74:J74) -> 4280784678 | L74: =K74=F62 -> TRUE
A75: 건물 | B75: 0 | C75: 0 | D75: =SUM(B75:C75) -> 0 | F75: 건물 | G75: ='4600_투자부동산_증가'!L29 -> 0 | H75: ='4700_유형자산_감소'!H25 -> 1144541982 | K75: =SUM(G75:J75) -> 1144541982 | L75: =K75=F63 -> TRUE
A76: 차량운반구 | C76: ='4700_유형자산_증가'!G32 -> 72676310 | D76: =SUM(B76:C76) -> 72676310 | F76: 건설중인자산 | I76: =C76 -> 72676310 | J76: ='4700_유형자산_감소'!H45+'4700_유형자산_감소'!H46+'4700_유형자산_감소'!H42 -> 3201000000 | K76: =SUM(G76:J76) -> 3273676310 | L76: =K76=F69 -> TRUE
F77: 건설중인자산손상차손누계액 | J77: =-C40 -> -12880846 | K77: =SUM(G77:J77) -> -12880846 | L77: =K77=-C40 -> TRUE
F78: 건물감가상각누계액 | H78: =H82 -> -225729098 | K78: =SUM(G78:J78) -> -225729098
B79: =SUM(B74:B76) -> 0 | C79: =SUM(C74:C76) -> 72676310 | D79: =SUM(D74:D76) -> 72676310 | G79: =SUM(G74:G78) -> 4280784678 | H79: =SUM(H74:H78) -> 918812884 | I79: =SUM(I74:I78) -> 72676310 | J79: =SUM(J74:J78) -> 3188119154 | K79: =SUM(K74:K78) -> 8460393026
F80: 건물감누액 | H80: -228268147 | I80: 대변증가액
H81: 2539049 | I81: 1~3월 감누액 대체액
H82: =SUM(H80:H81) -> -225729098 | I82: 투자부동산 대체액
A84: ▶ 감사절차 (Audit Procedures)
A85: No. | B85: 감사절차 | E85: 경영진 주장 | G85: 수행여부 | H85: 조서번호 | I85: 비 고
A86: 1 | B86: [총괄표 작성 및 전기 대비 검토] 유형자산 장부가액 변동요약표를 입수·분석하고 당기말은 총계정원장, 전기말은 전기감사보고서와 대조한다. | E86: E, C, CL
A87: 2 | B87: [권리증서 확인 (실재성·소유권)] 등기부등본·등록원부 등을 획득하여 실재성, 소유권 및 담보제공 등 소유권 제한사항을 확인한다. | E87: E, RO
A88: 3 | B88: [감가상각비 적정성 검토] 상각방법·내용연수·상각률의 계속 적용 여부를 검토하고 감가상각비를 재계산한다. 방법 변경 시 타당성과 재무제표 영향을 확인한다. | E88: C, V, A
A89: 4 | B89: [취득 자산 검증] 당기 취득 자산에 대해 계약서·세금계산서·등기부등본을 확인하고 소유권 귀속을 검토한다. | E89: E, RO, V
A90: 5 | B90: [처분·폐기 검토] 처분명세서를 입수하여 처분가격 적정성을 검토하고 처분손익 등 관련 손익계정과 연결한다. | E90: A
A91: 6 | B91: [손상차손 검토] 손상징후 자산에 대해 회수가능가액을 산정하고 손상차손 계상 및 회계처리 적정성을 검토한다. | E91: V, A
A92: 7 | B92: [건설중인 자산 검토] 당기 지출액, 취득 약정액, 차입원가 자본화 적정성을 검토하고 완공 자산의 대체 회계처리를 확인한다. | E92: A, V
A93: 8 | B93: [수익적·자본적 지출 구분] 수선비 성격 지출의 자산화 여부 및 구분 기준의 타당성과 계속성을 검토한다. | E93: A
A94: 9 | B94: [특수관계자 거래 검토] 특수관계자와의 유형자산 거래 가격 적정성을 확인한다. | E94: E, CL
A95: 10 | B95: [재무제표 공시사항 검토] 공시사항 점검표에 따라 담보제공 자산, 재평가 내역 등 주석 기재 충분성을 확인한다. | E95: C, CL, U, P
A97: ▶ 감사결론
A102: ※ 본 감사조서는 「주식회사 등의 외부감사에 관한 법률」에 따라 작성되었습니다.

Sheet 4700_유형자산_회계처리
A2: =기본사항!C8 -> 주식회사 경남제약 | G2: 조서No. 4701
A3: 유형자산
A4: 유형자산 회계처리
A7: 1 | B7: 평가 | C7: 토지 | D7: 최초 인식 후에 재평가일의 공정가치금액을 장부금액으로 표시. 보고기간말에 자산의 장부금액이 공정가치와 중요하게 차이가 나지 않도록 주기적으로 수행
C8: 그밖의 토지 | D8: 최초 인식 후 원가에서 감가상각누계액과 손상차손누계액을 차감한 금액을 장부금으로 표시
A9: 2 | B9: 상각방법 | C9: 정액법
A10: 3 | B10: 상각내용연수
C11: 과목 | D11: 내용연수
C12: 건물 | D12: 18년~33년
C13: 구축물 | D13: 7년~33년
C14: 기계장치 | D14: 20년
C15: 차량운반구 | D15: 4년
C16: 시설장치 | D16: 5년
C17: 비품 | D17: 3년~10년
A19: 4 | B19: 손상차손후 감가상각비 재계산
C20: 유형자산의 손상차손을 인식한 이후에는, 손상 후 장부금액을 새로운 감가상각 기준액으로 하여 잔존 내용연수 동안 감가상각

Sheet 4700_유형자산_분석적검토
A2: =기본사항!C8 -> 주식회사 경남제약 | G2: 조서No. 4701
A3: 유형자산
A4: 유형자산 분석적 검토
B8: 당반기 감가상각비 | F8: 전반기 감가상각비
A9: 계정명 | B9: 판관비_감가상각비 | C9: 판관비_경상연구개발비 | D9: 제조원가 | E9: 합계 | F9: 판관비_감가상각비 | G9: 판관비_경상연구개발비 | H9: 제조원가 | I9: 합계 | J9: 증감금액
A10: 투자부동산_건물 | B10: 148761889 | E10: =SUM(B10:D10) -> 148761889 | F10: 88097949 | I10: =SUM(F10:H10) -> 88097949 | J10: =E10-I10 -> 60663940
A11: 유형자산산_건물 | B11: 83536465 | D11: 81748293 | E11: =SUM(B11:D11) -> 165284758 | F11: 77177898 | H11: 107508014 | I11: =SUM(F11:H11) -> 184685912 | J11: =E11-I11 -> -19401154
A12: 유형자산산_구축물 | D12: 11466131 | E12: =SUM(B12:D12) -> 11466131 | H12: 6932798 | I12: =SUM(F12:H12) -> 6932798 | J12: =E12-I12 -> 4533333
A13: 유형자산산_기계장치 | C13: 704994 | D13: 174451831 | E13: =SUM(B13:D13) -> 175156825 | G13: 1872386 | H13: 176198105 | I13: =SUM(F13:H13) -> 178070491 | J13: =E13-I13 -> -2913666
A14: 유형자산산_차량운반구 | D14: 6056359 | E14: =SUM(B14:D14) -> 6056359 | H14: 368320 | I14: =SUM(F14:H14) -> 368320 | J14: =E14-I14 -> 5688039
A15: 유형자산산_비품 | B15: 1535453 | D15: 16112192 | E15: =SUM(B15:D15) -> 17647645 | F15: 1901587 | H15: 20370470 | I15: =SUM(F15:H15) -> 22272057 | J15: =E15-I15 -> -4624412
A16: 유형자산산_시설장치 | B16: 5173581 | D16: 130966701 | E16: =SUM(B16:D16) -> 136140282 | F16: 21574220 | H16: 156858695 | I16: =SUM(F16:H16) -> 178432915 | J16: =E16-I16 -> -42292633
A17: 유형자산산_사용권자산 | B17: =138195163-1 -> 138195162 | D17: 8744684.1 | E17: =SUM(B17:D17) -> 1.4693985e+08 | F17: 117741257 | H17: 7883211 | I17: =SUM(F17:H17) -> 125624468 | J17: =E17-I17 -> 21315378
A18: 합계 | B18: =SUM(B10:B17) -> 377202550 | C18: =SUM(C10:C17) -> 704994 | D18: =SUM(D10:D17) -> 4.2954619e+08 | E18: =SUM(E10:E17) -> 8.0745374e+08 | F18: =SUM(F10:F17) -> 306492911 | G18: =SUM(G10:G17) -> 1872386 | H18: =SUM(H10:H17) -> 476119613 | I18: =SUM(I10:I17) -> 784484910 | J18: =SUM(J10:J17) -> 22968825
A20: 투자부동산_건물 | B20: 투자부동산건물의 감가비 증가는 9층과 11층 임대에 따른 증가금액과 신당동건물의 완공에 따른 증가로 판단됨
A22: 유형자산상각비 | B22: =SUM(E11:E17) -> 6.5869185e+08
A23: 투자부동산상각비 | B23: =E10 -> 148761889

Sheet 4700_유형자산_증가
A2: =기본사항!C8 -> 주식회사 경남제약 | G2: 조서No. 4701
A3: 유형자산
A4: 유형자산 증가
A7: 전표일자 | B7: 전표번호 | C7: 부서 | D7: 사원명 | E7: 계정명 | F7: 차대구분 | G7: 차변 | H7: 대변 | I7: 적요 | J7: 승인요청일 | K7: 지급요청일 | L7: 반제일자 | M7: 거래처 | N7: 거래처명 | O7: 전표상태 | P7: 처리사유 | Q7: 등록일자 | R7: 회계번호 | S7: 승인자 | T7: 전표유형 | U7: 구분 | V7: PK | W7: 구분2
A8: 46023 | B8: A0006 | C8: 재무팀 | D8: 서정아 | E8: 토지 | F8: 차변 | G8: 545209561 | H8: 0 | I8: 225013 강남구 언주로 702(B2층-전기실) 유형자산대체 | O8: 승인 | Q8: 46023 | R8: 20260101A0006 | T8: 경리전표 | U8: 당기 | V8: 000A0006 | W8: 대체
A9: 46023 | B9: A0006 | C9: 재무팀 | D9: 서정아 | E9: 토지 | F9: 차변 | G9: 594368641 | H9: 0 | I9: 225013 강남구 언주로 702(B3층-기계실) 유형자산대체 | O9: 승인 | Q9: 46023 | R9: 20260101A0006 | T9: 경리전표 | U9: 당기 | V9: 000A0006 | W9: 대체
A10: 46113 | B10: A0023 | C10: 재무팀 | D10: 서정아 | E10: 토지 | F10: 차변 | G10: -545209561 | H10: 0 | I10: 225013 강남구 언주로 702(B2층-전기실) 유형자산대체 | O10: 승인 | Q10: 46113 | R10: 20260401A0023 | T10: 경리전표 | U10: 당기 | V10: 000A0023 | W10: 대체
A11: 46113 | B11: A0023 | C11: 재무팀 | D11: 서정아 | E11: 토지 | F11: 차변 | G11: -594368641 | H11: 0 | I11: 225013 강남구 언주로 702(B3층-기계실) 유형자산대체 | O11: 승인 | Q11: 46113 | R11: 20260401A0023 | T11: 경리전표 | U11: 당기 | V11: 000A0023 | W11: 대체
G13: =SUM(G8:G12) -> 0 | H13: =G13='4700_유형자산'!C12 -> TRUE
A20: 전표일자 | B20: 전표번호 | C20: 부서 | D20: 사원명 | E20: 계정명 | F20: 차대구분 | G20: 차변 | H20: 대변 | I20: 적요 | J20: 승인요청일 | K20: 지급요청일 | L20: 반제일자 | M20: 거래처 | N20: 거래처명 | O20: 전표상태 | P20: 처리사유 | Q20: 등록일자 | R20: 회계번호 | S20: 승인자 | T20: 전표유형 | U20: 구분 | V20: PK
A21: 46023 | B21: A0006 | C21: 재무팀 | D21: 서정아 | E21: 건물 | F21: 차변 | G21: 145771227 | H21: 0 | I21: 225013 강남구 언주로 702(B2층-전기실) 유형자산대체 | O21: 승인 | Q21: 46023 | R21: 20260101A0006 | T21: 경리전표 | U21: 당기 | V21: 000A0006 | W21: 대체
A22: 46023 | B22: A0006 | C22: 재무팀 | D22: 서정아 | E22: 건물 | F22: 차변 | G22: 158914758 | H22: 0 | I22: 225013 강남구 언주로 702(B3층-기계실) 유형자산대체 | O22: 승인 | Q22: 46023 | R22: 20260101A0006 | T22: 경리전표 | U22: 당기 | V22: 000A0006 | W22: 대체
A23: 46113 | B23: A0023 | C23: 재무팀 | D23: 서정아 | E23: 건물 | F23: 차변 | G23: -145771227 | H23: 0 | I23: 225013 강남구 언주로 702(B2층-전기실) 유형자산대체 | O23: 승인 | Q23: 46113 | R23: 20260401A0023 | T23: 경리전표 | U23: 당기 | V23: 000A0023 | W23: 대체
A24: 46113 | B24: A0023 | C24: 재무팀 | D24: 서정아 | E24: 건물 | F24: 차변 | G24: -158914758 | H24: 0 | I24: 225013 강남구 언주로 702(B3층-기계실) 유형자산대체 | O24: 승인 | Q24: 46113 | R24: 20260401A0023 | T24: 경리전표 | U24: 당기 | V24: 000A0023 | W24: 대체
G27: =SUM(G21:G26) -> 0 | H27: =G27='4700_유형자산'!C13 -> TRUE
A29: 전표일자 | B29: 전표번호 | C29: 부서 | D29: 사원명 | E29: 계정명 | F29: 차대구분 | G29: 차변 | H29: 대변 | I29: 적요 | J29: 승인요청일 | K29: 지급요청일 | L29: 반제일자 | M29: 거래처 | N29: 거래처명 | O29: 전표상태 | P29: 처리사유 | Q29: 등록일자 | R29: 회계번호 | S29: 승인자 | T29: 전표유형 | U29: 구분 | V29: PK
A30: 46112 | B30: A0023 | C30: 재무팀 | D30: 서정아 | E30: 차량운반구 | F30: 차변 | G30: 72676310 | H30: 0 | I30: 225013 아산)물류파트 5t 화물차 | M30: R07572 | N30: 한솔트럭 | O30: 승인 | Q30: 46112 | R30: 20260331A0023 | T30: 경리전표 | U30: 당기 | V30: 000A0023 | W30: 대체
G32: =SUM(G30:G31) -> 72676310 | H32: =G32='4700_유형자산'!C16 -> TRUE | W32: `
A35: 전표일자 | B35: 전표번호 | C35: 부서 | D35: 사원명 | E35: 계정명 | F35: 차대구분 | G35: 차변 | H35: 대변 | I35: 적요 | J35: 승인요청일 | K35: 지급요청일 | L35: 반제일자 | M35: 거래처 | N35: 거래처명 | O35: 전표상태 | P35: 처리사유 | Q35: 등록일자 | R35: 회계번호 | S35: 승인자 | T35: 전표유형 | U35: 구분 | V35: PK
A36: 46168 | B36: R0003 | C36: 생산파트(의령) | D36: 유재용 | E36: 기계장치 | F36: 차변 | G36: 12000000 | H36: 0 | I36: 225013 삼덕여과산업(주)) 정제수제조설비 EDI 교체 비용/의령공장 공무파트/202604-생산파트-34 | J36: 2026-05-26 | M36: R05429 | N36: 삼덕여과산업(주) | O36: 승인 | Q36: 46168 | R36: 20260526R0016 | S36: 서정아 | T36: 결의전표 | U36: 당기 | V36: 000R0003 | W36: 취득
A37: 46170 | B37: R0026 | C37: 제제연구팀 | D37: 홍경민 | E37: 기계장치 | F37: 차변 | G37: 2000000 | H37: 0 | I37: 225013 제제연구팀)_실험실용 안전장치 "이동식 국소배기장치" 구매_202605-제제연구팀-4_202605-제제연구팀-7 | J37: 2026-05-28 | M37: R06793 | N37: 주식회사 시마즈 사이언티픽 코리아 | O37: 승인 | P37: 스캔본 선 수령 | Q37: 46170 | R37: 20260528R0021 | S37: 박재윤 | T37: 결의전표 | U37: 당기 | V37: 000R0026 | W37: 취득
G39: =SUM(G36:G38) -> 14000000 | H39: =G39='4700_유형자산'!C15 -> TRUE
A41: 전표일자 | B41: 전표번호 | C41: 부서 | D41: 사원명 | E41: 계정명 | F41: 차대구분 | G41: 차변 | H41: 대변 | I41: 적요 | J41: 승인요청일 | K41: 지급요청일 | L41: 반제일자 | M41: 거래처 | N41: 거래처명 | O41: 전표상태 | P41: 처리사유 | Q41: 등록일자 | R41: 회계번호 | S41: 승인자 | T41: 전표유형 | U41: 구분 | V41: PK
A42: 46102 | B42: R0003 | C42: 총무파트 | D42: 박나리 | E42: 시설장치 | F42: 차변 | G42: 8030000 | H42: 0 | I42: 225013 아산공장 생산동 cctv 설치 건/202603-총무파트-32 | J42: 2026-03-21 | M42: R07564 | N42: 삼성보안시스템 | O42: 승인 | Q42: 46102 | R42: 20260321R0002 | S42: 박재윤 | T42: 결의전표 | U42: 당기 | V42: 000R0003 | W42: 취득
G45: =SUM(G42:G44) -> 8030000 | H45: =G45='4700_유형자산'!C18 -> TRUE
A49: 전표일자 | B49: 전표번호 | C49: 부서 | D49: 사원명 | E49: 계정명 | F49: 차대구분 | G49: 차변 | H49: 대변 | I49: 적요 | J49: 승인요청일 | K49: 지급요청일 | L49: 반제일자 | M49: 거래처 | N49: 거래처명 | O49: 전표상태 | P49: 처리사유 | Q49: 등록일자 | R49: 회계번호 | S49: 승인자 | T49: 전표유형 | U49: 구분 | V49: PK
A50: 46049 | B50: R0012 | C50: 공무파트 | D50: 강신용 | E50: 건설중인자산 | F50: 차변 | G50: 15500000 | H50: 0 | I50: 225013 아산공장 증축 공사 관련 공사 감리 용역비 계약금/아산공장 공무파트, 202601-공무파트-24 | J50: 2026-01-27 | M50: R07337 | N50: 이공 파트너스 건축사사무소 | O50: 승인 | Q50: 46049 | R50: 20260127R0004 | S50: 신희조 | T50: 결의전표 | U50: 당기 | V50: 000R0012 | W50: 취득
A51: 46079 | B51: R0017 | C51: 공무파트 | D51: 강신용 | E51: 건설중인자산 | F51: 차변 | G51: 215000000 | H51: 0 | I51: 225013 아산공장 증축 공사 관련 건축 공사 2차 기성금, 202603-공무파트-6/아산공장 공무파트 | J51: 2026-02-26 | M51: R07505 | N51: 우솔종합건설 주식회사 | O51: 승인 | P51: 금액 오류 | Q51: 46079 | R51: 20260226R0019 | S51: 박재윤 | T51: 결의전표 | U51: 당기 | V51: 000R0017 | W51: 취득
A52: 46092 | B52: R0016 | C52: DI팀 | D52: 김성용 | E52: 건설중인자산 | F52: 차변 | G52: 32550000 | H52: 0 | I52: 225013 VTPMs LIMS/SDMS/ELN 시스템 구축 2차잔금 지급 요청의 건/202603-DI팀_아산-20 | J52: 2026-03-11 | M52: R03823 | N52: (주)지엠피아이티 | O52: 승인 | P52: 스캔본 선 수령 | Q52: 46092 | R52: 20260311R0016 | S52: 박재윤 | T52: 결의전표 | U52: 당기 | V52: 000R0016 | W52: 취득
A53: 46106 | B53: R0014 | C53: 공무파트 | D53: 강신용 | E53: 건설중인자산 | F53: 차변 | G53: 435600000 | H53: 0 | I53: 225013 아산공장 증축 공사 관련 건축 공사 3차 기성금, 202511-공무파트-24/아산공장 공무파트 | J53: 2026-03-25 | M53: R07505 | N53: 우솔종합건설 주식회사 | O53: 승인 | Q53: 46106 | R53: 20260325R0002 | S53: 박재윤 | T53: 결의전표 | U53: 당기 | V53: 000R0014 | W53: 취득
A54: 46111 | B54: R0001 | C54: 물류파트 | D54: 한가영 | E54: 건설중인자산 | F54: 차변 | G54: 68900000 | H54: 0 | I54: 225013 생산관리팀 물류파트 5t 화물차 신규 구입의 건 (3/30) / 202603-물류파트-49 | J54: 2026-03-30 | M54: R07572 | N54: 한솔트럭 | O54: 승인 | Q54: 46111 | R54: 20260330R0001 | S54: 서정아 | T54: 결의전표 | U54: 당기 | V54: 000R0001 | W54: 취득
A55: 46112 | B55: R0145 | C55: 물류파트 | D55: 한가영 | E55: 건설중인자산 | F55: 차변 | G55: 3545810 | H55: 0 | I55: 225013 물류파트 5t 화물차 구입의 건 / 202603-물류파트-66 , 202603-물류파트-67 | J55: 2026-03-31 | M55: R07572 | N55: 한솔트럭 | O55: 승인 | Q55: 46112 | R55: 20260331R0039 | S55: 김규리 | T55: 결의전표 | U55: 당기 | V55: 000R0145 | W55: 취득
A56: 46112 | B56: R0145 | C56: 물류파트 | D56: 한가영 | E56: 건설중인자산 | F56: 차변 | G56: 230000 | H56: 0 | I56: 225013 물류파트 5t 화물차 구입의 건 / 202603-물류파트-66 , 202603-물류파트-67 | J56: 2026-03-31 | M56: R07574 | N56: 이향주 | O56: 승인 | Q56: 46112 | R56: 20260331R0039 | S56: 김규리 | T56: 결의전표 | U56: 당기 | V56: 000R0145 | W56: 취득
A57: 46112 | B57: R0145 | C57: 물류파트 | D57: 한가영 | E57: 건설중인자산 | F57: 차변 | G57: 500 | H57: 0 | I57: 225013 물류파트 5t 화물차 구입의 건 / 202603-물류파트-66 , 202603-물류파트-67 | J57: 2026-03-31 | M57: R07572 | N57: 한솔트럭 | O57: 승인 | Q57: 46112 | R57: 20260331R0039 | S57: 김규리 | T57: 결의전표 | U57: 당기 | V57: 000R0145 | W57: 취득
A58: 46121 | B58: A0009 | C58: 재무팀 | D58: 서정아 | E58: 건설중인자산 | F58: 차변 | G58: 2981000000 | H58: 0 | I58: 225013 인콘 골프회원권 양수의 건/202604-재무팀-36 | M58: G02099 | N58: (주)인콘 | O58: 승인 | Q58: 46121 | R58: 20260409A0009 | T58: 경리전표 | U58: 당기 | V58: 000A0009 | W58: 취득
A59: 46129 | B59: A0003 | C59: 재무팀 | D59: 서정아 | E59: 건설중인자산 | F59: 차변 | G59: 3000000 | H59: 0 | I59: 225013 골프 회원권 양도양수 명의개서료 | M59: R07584 | N59: (주)포스와이드 | O59: 승인 | Q59: 46129 | R59: 20260417A0003 | T59: 경리전표 | U59: 당기 | V59: 000A0003 | W59: 취득
A60: 46140 | B60: R0009 | C60: 공무파트 | D60: 강신용 | E60: 건설중인자산 | F60: 차변 | G60: 392000000 | H60: 0 | I60: 225013 아산공장 증축 공사 관련 건축 공사 4차 기성금, 202604-공무파트-/아산공장 공무파트 | J60: 2026-04-28 | M60: R07505 | N60: 우솔종합건설 주식회사 | O60: 승인 | P60: 확인 | Q60: 46140 | R60: 20260428R0004 | S60: 신희조 | T60: 결의전표 | U60: 당기 | V60: 000R0009 | W60: 취득
A61: 46181 | B61: R0010 | C61: 공무파트 | D61: 강신용 | E61: 건설중인자산 | F61: 차변 | G61: 370000000 | H61: 0 | I61: 225013 아산공장 증축 공사 관련 건축 공사 5차 기성금, 202606-공무파트-38/아산공장 공무파트 | J61: 2026-06-08 | M61: R07505 | N61: 우솔종합건설 주식회사 | O61: 승인 | Q61: 46181 | R61: 20260608R0008 | S61: 김규리 | T61: 결의전표 | U61: 당기 | V61: 000R0010 | W61: 취득
G63: =SUM(G50:G62) -> 4517326310 | H63: =G63='4700_유형자산'!C19 -> TRUE

Sheet 4700_유형자산_감소
A2: =기본사항!C8 -> 주식회사 경남제약 | G2: 조서No. 4701
A3: 유형자산
A4: 유형자산 감소
A7: 전표일자 | B7: 전표번호 | C7: 부서 | D7: 사원명 | E7: 계정명 | F7: 차대구분 | G7: 차변 | H7: 대변 | I7: 적요 | J7: 승인요청일 | K7: 지급요청일 | L7: 반제일자 | M7: 거래처 | N7: 거래처명 | O7: 전표상태 | P7: 처리사유 | Q7: 등록일자 | R7: 회계번호 | S7: 승인자 | T7: 전표유형 | U7: 구분 | V7: PK
A8: 46175 | B8: A0005 | C8: 재무팀 | D8: 서정아 | E8: 토지 | F8: 대변 | G8: 0 | H8: 2140392339 | I8: 225013 경남제약타워 9층 사용 용도 변경으로 인한 유형자산↔투자부동산 대체 | O8: 승인 | Q8: 46175 | R8: 20260602A0005 | T8: 경리전표 | U8: 당기 | V8: 000A0005 | W8: 대체
A9: 46175 | B9: A0006 | C9: 재무팀 | D9: 서정아 | E9: 토지 | F9: 대변 | G9: 0 | H9: 2140392339 | I9: 225013 경남제약타워 11층 사용 용도 변경으로 인한 유형자산↔투자부동산 대체 | O9: 승인 | Q9: 46175 | R9: 20260602A0006 | T9: 경리전표 | U9: 당기 | V9: 000A0006 | W9: 대체
H12: =SUM(H8:H11) -> 4280784678
A20: 전표일자 | B20: 전표번호 | C20: 부서 | D20: 사원명 | E20: 계정명 | F20: 차대구분 | G20: 차변 | H20: 대변 | I20: 적요 | J20: 승인요청일 | K20: 지급요청일 | L20: 반제일자 | M20: 거래처 | N20: 거래처명 | O20: 전표상태 | P20: 처리사유 | Q20: 등록일자 | R20: 회계번호 | S20: 승인자 | T20: 전표유형 | U20: 구분 | V20: PK
A21: 46175 | B21: A0005 | C21: 재무팀 | D21: 서정아 | E21: 건물 | F21: 대변 | G21: 0 | H21: 572270991 | I21: 225013 경남제약타워 9층 사용 용도 변경으로 인한 유형자산↔투자부동산 대체 | O21: 승인 | Q21: 46175 | R21: 20260602A0005 | T21: 경리전표 | U21: 당기 | V21: 000A0005 | W21: 대체
A22: 46175 | B22: A0006 | C22: 재무팀 | D22: 서정아 | E22: 건물 | F22: 대변 | G22: 0 | H22: 572270991 | I22: 225013 경남제약타워 11층 사용 용도 변경으로 인한 유형자산↔투자부동산 대체 | O22: 승인 | Q22: 46175 | R22: 20260602A0006 | T22: 경리전표 | U22: 당기 | V22: 000A0006 | W22: 대체
H25: =SUM(H21:H24) -> 1144541982
A29: 전표일자 | B29: 전표번호 | C29: 부서 | D29: 사원명 | E29: 계정명 | F29: 차대구분 | G29: 차변 | H29: 대변 | I29: 적요 | J29: 승인요청일 | K29: 지급요청일 | L29: 반제일자 | M29: 거래처 | N29: 거래처명 | O29: 전표상태 | P29: 처리사유 | Q29: 등록일자 | R29: 회계번호 | S29: 승인자 | T29: 전표유형 | U29: 구분 | V29: PK
A30: 46139 | B30: R0001 | C30: 재무팀 | D30: 서정아 | E30: 차량운반구 | F30: 대변 | G30: 0 | H30: 39674148 | I30: 225013 5t화물차 매각/202604-물류파트-41 | J30: 2026-04-27 | M30: R07589 | N30: 샤히드트레이딩 주식회사 | O30: 승인 | Q30: 46139 | R30: 20260427R0001 | S30: 김규리 | T30: 결의전표 | U30: 당기 | V30: 000R0001
H33: =SUM(H30:H32) -> 39674148 | I33: =H33='4700_유형자산'!D16 -> TRUE
A41: 전표일자 | B41: 전표번호 | C41: 부서 | D41: 사원명 | E41: 계정명 | F41: 차대구분 | G41: 차변 | H41: 대변 | I41: 적요 | J41: 승인요청일 | K41: 지급요청일 | L41: 반제일자 | M41: 거래처 | N41: 거래처명 | O41: 전표상태 | P41: 처리사유 | Q41: 등록일자 | R41: 회계번호 | S41: 승인자 | T41: 전표유형 | U41: 구분 | V41: PK
A42: 46092 | B42: A0005 | C42: 재무팀 | D42: 서정아 | E42: 건설중인자산 | F42: 대변 | G42: 0 | H42: 217000000 | I42: 225013 아산 VTPMs LIMS 시스템 | M42: R03823 | N42: (주)지엠피아이티 | O42: 승인 | Q42: 46092 | R42: 20260311A0005 | T42: 경리전표 | U42: 당기 | V42: 000A0005 | W42: 대체
A43: 46112 | B43: A0023 | C43: 재무팀 | D43: 서정아 | E43: 건설중인자산 | F43: 대변 | G43: 0 | H43: 72446310 | I43: 225013 아산)물류파트 5t 화물차 | M43: R07572 | N43: 한솔트럭 | O43: 승인 | Q43: 46112 | R43: 20260331A0023 | T43: 경리전표 | U43: 당기 | V43: 000A0023 | W43: 대체
A44: 46112 | B44: A0023 | C44: 재무팀 | D44: 서정아 | E44: 건설중인자산 | F44: 대변 | G44: 0 | H44: 230000 | I44: 225013 아산)물류파트 5t 화물차 | M44: R07574 | N44: 이향주 | O44: 승인 | Q44: 46112 | R44: 20260331A0023 | T44: 경리전표 | U44: 당기 | V44: 000A0023 | W44: 대체
A45: 46129 | B45: A0004 | C45: 재무팀 | D45: 서정아 | E45: 건설중인자산 | F45: 대변 | G45: 0 | H45: 3000000 | I45: 225013 골프회원권 취득_잭니클라우스/202604-재무팀-36 | M45: R07584 | N45: (주)포스와이드 | O45: 승인 | Q45: 46129 | R45: 20260417A0004 | T45: 경리전표 | U45: 당기 | V45: 000A0004 | W45: 대체
A46: 46129 | B46: A0004 | C46: 재무팀 | D46: 서정아 | E46: 건설중인자산 | F46: 대변 | G46: 0 | H46: 2981000000 | I46: 225013 골프회원권 취득_잭니클라우스/202604-재무팀-36 | M46: G02099 | N46: (주)인콘 | O46: 승인 | Q46: 46129 | R46: 20260417A0004 | T46: 경리전표 | U46: 당기 | V46: 000A0004 | W46: 대체
H48: =SUM(H42:H47) -> 3273676310 | I48: =H48='4700_유형자산'!D19 -> TRUE
A52: 유형자산처분손익>
B54: 계정명 | C54: 전표일자 | D54: 자산명 | E54: 취득원가 | F54: 감누액 | G54: 장부금액 | H54: 처분대가 | I54: 처분손익 | J54: Per Book | K54: Differ | L54: 비고 | N54: 유형자산처분손실
B55: 차량운반구 | C55: 2026-04-27 | D55: 5t화물차 물류파트-41 | E55: 39674148 | F55: 39673148 | G55: =E55-F55 -> 1000 | H55: 4200000 | I55: =H55-G55 -> 4199000 | J55: =SUMIF(데이터개요_계정별!$A$2:$A$300,'4700_유형자산_감소'!N55,데이터개요_계정별!$G$2:$G$3) -> 4397582 | K55: =J55-I55 -> 198582 | L55: 사용권자산 처분이익 | N55: 유형자산처분이익
I56: 0 | J56: =SUMIF(데이터개요_계정별!$A$2:$A$300,'4700_유형자산_감소'!N56,데이터개요_계정별!$C$2:$C$3) -> 63590 | K56: =J56-I56 -> 63590 | L56: 사용권자산 처분손실 | N56: 유형자산처분손실

Sheet 4700_유형자산_주석
A2: 당반기와 전반기 중 유형자산의 변동내역은 다음과 같습니다.
A4: (단위: 원)
A5: 구분 | B5: 당반기 | C5: 전반기
A6: 기초 | B6: =ROUND(K22+K28+K33,) -> 35081353816 | C6: 32327298843 | D6: =B6-'4700_유형자산'!B44 -> 12880849
A7: 취득 | B7: =K23 -> 4917089305 | C7: 1258200336 | D7: ='4700_유형자산'!C22=B7 -> TRUE
A8: 처분 | B8: =K25+K29 -> -2159014 | C8: -8991622 | D8: =K25+K29=B8 -> TRUE
A9: 감가상각비 | B9: =K30 -> -658691848 | C9: -696386961
A10: 손상 | B10: 0 | C10: 0
A11: 기타(*1) | B11: =K24+K31 -> -8473273872 | C11: -7250000 | D11: =K24+K31=B11 -> TRUE
A12: 반기말(*2) | B12: =SUM(B6:B11) -> 30864318387 | C12: 32872870596
B14: =B12='4700_유형자산'!H44 -> TRUE
A16: (*1) 무형자산으로 대체된 금액 등으로 구성되어 있습니다.
A17: (*2) 당반기말 현재 토지 및 건물이 은행차입금에 대한 담보로 제공되어 있습니다.(주석 16 참조)
A20: 구 분 | B20: 토지 | C20: 건물 | D20: 구축물 | E20: 기계장치 | F20: 차량운반구 | G20: 비품 | H20: 시설장치 | I20: 건설중인자산 | J20: 사용권자산 | K20: 소계
A21: 취득원가:
A22: 기초 | B22: 22189289848 | C22: 11609712365 | D22: 613530000 | E22: 9099800904 | F22: 137351362 | G22: 1387225020 | H22: 3781172913 | I22: 485800000 | J22: 837404701 | K22: =SUM(B22:J22) -> 50141287113 | L22: =K22-'4700_유형자산'!B22 -> 2
A23: 취득 | B23: 0 | C23: 0 | D23: 0 | E23: 14000000 | F23: 72676310 | G23: 0 | H23: 8030000 | I23: 4517326310 | J23: 305056685 | K23: =SUM(B23:J23) -> 4917089305 | L23: =K23='4700_유형자산'!C22 -> TRUE
A24: 대체증감 | B24: -4280784678 | C24: -1144541982 | D24: 0 | E24: 0 | F24: 0 | G24: 0 | H24: 0 | I24: -3273676310 | J24: 0 | K24: =SUM(B24:J24) -> -8699002970 | L24: =SUM('4700_유형자산'!K74:K76)+K24 -> 0
A25: 처분 | B25: 0 | C25: 0 | D25: 0 | E25: 0 | F25: -39674148 | G25: 0 | H25: 0 | I25: 0 | J25: -34093121 | K25: =SUM(B25:J25) -> -73767269 | L25: =K25+'4700_유형자산'!D16+'4700_유형자산'!D20 -> -2
A26: 기말 | B26: 17908505170 | C26: 10465170383 | D26: 613530000 | E26: 9113800904 | F26: 170353524 | G26: 1387225020 | H26: 3789202913 | I26: 1729450000 | J26: 1108368265 | K26: 46285606179 | L26: =K26-'4700_유형자산'!H22 -> 0
A27: 감가상각누계액:
A28: 기초 | B28: 0 | C28: -5528301608 | D28: -307087106 | E28: -3908029045 | F28: -137343362 | G28: -1274972951 | H28: -3309110669 | I28: 0 | J28: -237158748 | K28: =SUM(B28:J28) -> -14702003489 | L28: =K28-'4700_유형자산'!B34 -> 1
A29: 처분으로 인한 제거 | B29: 0 | C29: 0 | D29: 0 | E29: 0 | F29: 39673148 | G29: 0 | H29: 0 | I29: 0 | J29: 31935107 | K29: =SUM(B29:J29) -> 71608255 | L29: ='4700_유형자산'!D29+'4700_유형자산'!D32+K29 -> 1
A30: 감가상각비 | B30: 0 | C30: -165284758 | D30: -11466131 | E30: -175156825 | F30: -6056359 | G30: -17647645 | H30: -136140282 | I30: 0 | J30: -146939848 | K30: =SUM(B30:J30) -> -658691848
A31: 대체증감 | B31: 0 | C31: 225729098 | D31: 0 | E31: 0 | F31: 0 | G31: 0 | H31: 0 | I31: 0 | J31: 0 | K31: =SUM(B31:J31) -> 225729098 | L31: =K31=-'4700_유형자산'!H78 -> TRUE
A32: 기말 | B32: 0 | C32: =SUM(C28:C31) -> -5467857268 | D32: =SUM(D28:D31) -> -318553237 | E32: =SUM(E28:E31) -> -4083185870 | F32: =SUM(F28:F31) -> -103726573 | G32: =SUM(G28:G31) -> -1292620596 | H32: =SUM(H28:H31) -> -3445250951 | I32: =SUM(I28:I31) -> 0 | J32: -352163489 | K32: -15063357984 | L32: =K32='4700_유형자산'!E34 -> TRUE
A33: 손상차손누계액: | E33: -326984578 | G33: -6560834 | I33: -21044419 | J33: -3339977 | K33: -3.5792981e+08 | L33: =K33-'4700_유형자산'!H43 -> 0.29322767
A34: 장부금액 | B34: =B26+B32+B33 -> 17908505170 | C34: =C26+C32+C33 -> 4997313115 | D34: =D26+D32+D33 -> 294976763 | E34: =E26+E32+E33 -> 4703630456 | F34: =F26+F32+F33 -> 66626951 | G34: =G26+G32+G33 -> 88043590 | H34: =H26+H32+H33 -> 343951962 | I34: =I26+I32+I33 -> 1.7084056e+09 | ... K34: =K26+K32+K33 -> 3.0864318e+10
B35: =B34='4700_유형자산'!H12 -> TRUE | C35: =C34='4700_유형자산'!H13+'4700_유형자산'!H26 -> TRUE | D35: =D34='4700_유형자산'!H14+'4700_유형자산'!H27 -> TRUE | E35: =E34='4700_유형자산'!H15+'4700_유형자산'!H28+'4700_유형자산'!H38 -> TRUE | F35: ='4700_유형자산'!H16+'4700_유형자산'!H29=F34 -> TRUE | G35: ='4700_유형자산'!H17+'4700_유형자산'!H30+'4700_유형자산'!H39=G34 -> TRUE | H35: ='4700_유형자산'!H18+'4700_유형자산'!H31=H34 -> TRUE | I35: ='4700_유형자산'!H19+'4700_유형자산'!H40-I34 -> -0.29322767 | J35: ='4700_유형자산'!H20+'4700_유형자산'!H32+'4700_유형자산'!H41=J34 -> TRUE

Sheet 4800_무형자산
A2: =기본사항!C8 -> 주식회사 경남제약 | G2: 조서No. 4801
A3: 무형자산
A4: LEAD SCHEDULE
A5: 작성자 | C5: =기본사항!C11 -> 이병하 | E5: 검토자 | G5: =기본사항!C13 -> 이광우
A6: 작성일 | C6: =기본사항!C12 -> 46227 | E6: 검토일 | G6: =기본사항!C14 -> 46227
A7: 결산일 | C7: =기본사항!C10 -> 46203
B10: 전 기 | E10: =기본사항!C10 -> 46203 | I10: 비 고
A11: ACCOUNT | B11: 전기잔액 | C11: INCREASE | D11: DECREASE | E11: PER BOOK | F11: AJE | G11: RES | H11: FINAL | I11: Refer | J11: NOTE
A12: 영업권 | B12: 0 | C12: =IFERROR(_xlfn.XLOOKUP(A12,데이터개요_계정별!$A$2:$A$400,데이터개요_계정별!$C$2:$C$400,,0,),0) -> 0 | D12: =IFERROR(_xlfn.XLOOKUP(A12,데이터개요_계정별!$A$2:$A$400,데이터개요_계정별!$G$2:$G$400,,0,),0) -> 0 | E12: =B12+C12-D12 -> 0 | H12: =E12+F12+G12 -> 0 | I12: C810
A13: 특허권 | B13: 350344600 | C13: =IFERROR(_xlfn.XLOOKUP(A13,데이터개요_계정별!$A$2:$A$400,데이터개요_계정별!$C$2:$C$400,,0,),0) -> 0 | D13: =IFERROR(_xlfn.XLOOKUP(A13,데이터개요_계정별!$A$2:$A$400,데이터개요_계정별!$G$2:$G$400,,0,),0) -> 0 | E13: =B13+C13-D13 -> 350344600 | H13: =E13+F13+G13 -> 350344600 | I13: C820
A14: 특허권감가상각누계액 | B14: -182889873 | E14: =B14+C14-D14 -> -182889873 | H14: =E14+F14+G14 -> -182889873
A15: 손상차손누계액(특허권) | B15: -167454727 | C15: =-IFERROR(_xlfn.XLOOKUP(A15,데이터개요_계정별!$A$2:$A$400,데이터개요_계정별!$G$2:$G$400,,0,),0) -> 0 | D15: =-IFERROR(_xlfn.XLOOKUP(A15,데이터개요_계정별!$A$2:$A$400,데이터개요_계정별!$C$2:$C$400,,0,),0) -> 0 | E15: =B15+C15-D15 -> -167454727 | H15: =E15+F15+G15 -> -167454727 | I15: C830
A16: 기타의무형자산 | B16: 228197521 | C16: =IFERROR(_xlfn.XLOOKUP(A16,데이터개요_계정별!$A$2:$A$400,데이터개요_계정별!$C$2:$C$400,,0,),0) -> 3268182800 | D16: =IFERROR(_xlfn.XLOOKUP(A16,데이터개요_계정별!$A$2:$A$400,데이터개요_계정별!$G$2:$G$400,,0,),0) -> 87559774 | E16: =B16+C16-D16 -> 3408820547 | H16: =E16+F16+G16 -> 3408820547 | I16: C840
A17: 손상차손누계액(기타무형) | B17: -4811661 | C17: =-IFERROR(_xlfn.XLOOKUP(A17,데이터개요_계정별!$A$2:$A$400,데이터개요_계정별!$G$2:$G$400,,0,),0) -> -12880846 | D17: =-IFERROR(_xlfn.XLOOKUP(A17,데이터개요_계정별!$A$2:$A$400,데이터개요_계정별!$C$2:$C$400,,0,),0) -> 0 | E17: =B17+C17-D17 -> -17692507 | H17: =E17+F17+G17 -> -17692507
A18: 국고보조금(기타무형) | B18: -13333368 | C18: =-IFERROR(_xlfn.XLOOKUP(A18,데이터개요_계정별!$A$2:$A$400,데이터개요_계정별!$G$2:$G$400,,0,),0) -> 0 | D18: =-IFERROR(_xlfn.XLOOKUP(A18,데이터개요_계정별!$A$2:$A$400,데이터개요_계정별!$C$2:$C$400,,0,),0) -> -9999996 | E18: =B18+C18-D18 -> -3333372 | H18: =E18+F18+G18 -> -3333372 | I18: C841
A20: 합 계 | B20: =SUM(B12:B18) -> 210052492 | C20: =SUM(C12:C18) -> 3255301954 | D20: =SUM(D12:D18) -> 77559778 | E20: =SUM(E12:E18) -> 3387794668 | F20: =SUM(F12:F18) -> 0 | G20: =SUM(G12:G18) -> 0 | H20: =SUM(H12:H18) -> 3387794668
A22: 대체증가 | B22: 유형자산_건설중인자산에서
A23: 기타의무형자산 | B23: ='4800_무형자산_증감'!G10+'4800_무형자산_증감'!G9 -> 3198000000 | D23: =SUM(B23:C23) -> 3198000000
D24: =SUM(B24:C24) -> 0
B25: =SUM(B23:B24) -> 3198000000 | C25: =SUM(C23:C24) -> 0 | D25: =SUM(D23:D24) -> 3198000000
A28: ▶ 증감분석
A29: ACCOUNT | B29: 증감금액 | C29: 증감비율 | D29: 비 고
A30: 영업권 | B30: =E12-B12 -> 0 | C30: =B30/B12 -> #DIV/0!
A31: 산업재산권 | B31: =E13-B13 -> 0 | C31: =B31/B13 -> 0
A32: 개발비 | B32: =E14-B14 -> 0 | C32: =B32/B14 -> 0
A33: 기타무형자산 | B33: =E15-B15 -> 0 | C33: =B33/B15 -> 0
A34: 상각누계액 | B34: =E16-B16 -> 3180623026 | C34: =B34/B16 -> 13.938026
A37: ▶ 감사절차 (Audit Procedures)
A38: No. | B38: 감사절차 | E38: 경영진 주장 | G38: 수행여부 | H38: 조서번호 | I38: 비 고
A39: 1 | B39: [총괄표 작성 및 전기 대비 검토] 무형자산 장부가액 변동요약표를 입수·분석하고 당기말은 총계정원장, 전기말은 전기감사보고서와 대조한다. | E39: E, C, CL
A40: 2 | B40: [명세서 검증 및 소유권 확인] 무형자산명세서를 계산검증하고 보조부와 대조한다. 등록증·계약서 등으로 소유권 및 제한사항을 확인한다. | E40: C, V, RO
A41: 3 | B41: [상각비 적정성 검토] 상각방법·내용연수·잔존가액의 계속 적용 여부를 검토하고 상각비를 재계산한다. 비한정 내용연수 자산의 타당성을 검토한다. | E41: V, A
A42: 4 | B42: [처분 검토] 처분명세서를 입수하여 처분가격 적정성을 검토하고 관련 손익계정과 연결한다. | E42: E, V, A
A43: 5 | B43: [손상차손 검토] 손상징후 무형자산에 대해 회수가능가액을 산정하고 손상차손 계상 및 회계처리 적정성을 검토한다. | E43: V
A44: 6 | B44: [자산 인식 요건 충족 여부] 후속적 지출이 자산 인식 요건에 해당하는지 검토하고, 과거 비용 처리된 지출이 자산화되지 않았는지 확인한다. | E44: V, CL
A45: 7 | B45: [영업권·염가매수차익 검토] 사업결합 관련 영업권과 염가매수차익의 회계처리 적정성을 검토한다.(일반기업회계기준 제12장) | E45: V
A46: 8 | B46: [재무제표 공시사항 검토] 공시사항 점검표에 따라 상각방법, 내용연수, 손상차손 등 주석 기재 충분성을 확인한다. | E46: C, CL, U, P
A48: ▶ 감사결론
A53: ※ 본 감사조서는 「주식회사 등의 외부감사에 관한 법률」에 따라 작성되었습니다.

Sheet 4800_무형자산_증감
A2: =기본사항!C8 -> 주식회사 경남제약 | G2: 조서No. 4801
A3: 무형자산
A4: LEAD SCHEDULE
A6: 무형자산의 증가>
A7: 전표일자 | B7: 전표번호 | C7: 부서 | D7: 사원명 | E7: 계정명 | F7: 차대구분 | G7: 차변 | H7: 대변 | I7: 적요 | J7: 승인요청일 | K7: 지급요청일 | L7: 반제일자 | M7: 거래처 | N7: 거래처명 | O7: 전표상태 | P7: 처리사유 | Q7: 등록일자 | R7: 회계번호 | S7: 승인자 | T7: 전표유형 | U7: 구분 | V7: PK
A8: 46044 | B8: R0014 | C8: 품질보증팀 | D8: 조형호 | E8: 기타의무형자산 | F8: 차변 | G8: 1177100 | H8: 0 | I8: 225013 [DI] 분석기기 복원 검증 License 및 PC 구매의 건/202509-DI팀_아산-1 | J8: 2026-01-22 | M8: R06793 | N8: 주식회사 시마즈 사이언티픽 코리아 | O8: 승인 | Q8: 46044 | R8: 20260122R0015 | S8: 박재윤 | T8: 결의전표 | U8: 당기 | V8: 000R0014
A9: 46092 | B9: A0005 | C9: 재무팀 | D9: 서정아 | E9: 기타의무형자산 | F9: 차변 | G9: 217000000 | H9: 0 | I9: 225013 아산 VTPMs LIMS 시스템 | O9: 승인 | Q9: 46092 | R9: 20260311A0005 | T9: 경리전표 | U9: 당기 | V9: 000A0005 | W9: 대체
A10: 46129 | B10: A0004 | C10: 재무팀 | D10: 서정아 | E10: 기타의무형자산 | F10: 차변 | G10: 2981000000 | H10: 0 | I10: 225013 골프회원권 취득_잭니클라우스/202604-재무팀-36 | M10: R07584 | N10: (주)포스와이드 | O10: 승인 | Q10: 46129 | R10: 20260417A0004 | T10: 경리전표 | U10: 당기 | V10: 000A0004 | W10: 대체
A11: 46130 | B11: A0005 | C11: 재무팀 | D11: 서정아 | E11: 기타의무형자산 | F11: 차변 | G11: 3000000 | H11: 0 | I11: 225013 골프회원권 취득_잭니클라우스/202604-재무팀-36 | M11: R07585 | N11: (주)포스와이드 | O11: 승인 | Q11: 46130 | R11: 20260417A0005 | T11: 경리전표 | U11: 당기 | V11: 000A0005 | W11: 대체
A12: 46129 | B12: A0004 | C12: 재무팀 | D12: 서정아 | E12: 선급금 | F12: 대변 | G12: 350000 | I12: 225013 골프 회원권 인지세/202604-재무팀-36 | M12: R00892 | N12: 사단법인금융결제원 | O12: 승인 | Q12: 46129 | R12: 20260417A0004 | T12: 경리전표
A13: 46129 | B13: A0004 | C13: 재무팀 | D13: 서정아 | E13: 미지급금(거래처) | F13: 대변 | G13: 65655700 | I13: 225013 골프회원권 취득세 / 202604-재무팀-36 | K13: 46150 | L13: 46150 | M13: R07587 | N13: 연수구청장 | O13: 승인 | Q13: 46129 | R13: 20260417A0004 | T13: 경리전표
G14: =SUM(G8:G13) -> 3268182800
G15: =G14='4800_무형자산'!C16 -> TRUE
A19: 무형자산의 감소>
A20: 전표일자 | B20: 전표번호 | C20: 부서 | D20: 사원명 | E20: 계정명 | F20: 차대구분 | G20: 차변 | H20: 대변 | I20: 적요 | J20: 승인요청일 | K20: 지급요청일 | L20: 반제일자 | M20: 거래처 | N20: 거래처명 | O20: 전표상태 | P20: 처리사유 | Q20: 등록일자 | R20: 회계번호 | S20: 승인자 | T20: 전표유형 | U20: 구분 | V20: PK
A21: 46053 | B21: A0033 | C21: 재무팀 | D21: 서정아 | E21: 기타의무형자산 | F21: 대변 | G21: 0 | H21: 9032255 | I21: 225013 2026년01월 기타의무형자산 계상 | O21: 승인 | Q21: 46053 | R21: 20260131A0033 | T21: 경리전표 | U21: 당기 | V21: 000A0033
A22: 46053 | B22: A0034 | C22: 재무팀 | D22: 서정아 | E22: 기타의무형자산 | F22: 대변 | G22: 0 | H22: 3976831 | I22: 225013 2026년01월 기타의무형자산 계상 | O22: 승인 | Q22: 46053 | R22: 20260131A0034 | T22: 경리전표 | U22: 당기 | V22: 000A0034
A23: 46081 | B23: A0032 | C23: 재무팀 | D23: 서정아 | E23: 기타의무형자산 | F23: 대변 | G23: 0 | H23: 9031262 | I23: 225013 2026년02월 기타의무형자산 계상 | O23: 승인 | Q23: 46081 | R23: 20260228A0032 | T23: 경리전표 | U23: 당기 | V23: 000A0032
A24: 46081 | B24: A0033 | C24: 재무팀 | D24: 서정아 | E24: 기타의무형자산 | F24: 대변 | G24: 0 | H24: 3976831 | I24: 225013 2026년02월 기타의무형자산 계상 | O24: 승인 | Q24: 46081 | R24: 20260228A0033 | T24: 경리전표 | U24: 당기 | V24: 000A0033
A25: 46112 | B25: A0052 | C25: 재무팀 | D25: 서정아 | E25: 기타의무형자산 | F25: 대변 | G25: 0 | H25: 8864901 | I25: 225013 2026년03월 기타의무형자산 계상 | O25: 승인 | Q25: 46112 | R25: 20260331A0052 | T25: 경리전표 | U25: 당기 | V25: 000A0052
A26: 46112 | B26: A0053 | C26: 재무팀 | D26: 서정아 | E26: 기타의무형자산 | F26: 대변 | G26: - | H26: 7593504 | I26: 225013 2026년03월 기타의무형자산 계상 | O26: 승인 | Q26: 46112 | R26: 20260331A0053 | T26: 경리전표
A27: 46142 | B27: A0049 | C27: 재무팀 | D27: 서정아 | E27: 기타의무형자산 | F27: 대변 | G27: - | H27: 8864898 | I27: 225013 2026년04월 기타의무형자산 계상 | O27: 승인 | Q27: 46142 | R27: 20260430A0049 | T27: 경리전표
A28: 46142 | B28: A0050 | C28: 재무팀 | D28: 서정아 | E28: 기타의무형자산 | F28: 대변 | G28: - | H28: 7593498 | I28: 225013 2026년04월 기타의무형자산 계상 | O28: 승인 | Q28: 46142 | R28: 20260430A0050 | T28: 경리전표
A29: 46173 | B29: A0016 | C29: 재무팀 | D29: 서정아 | E29: 기타의무형자산 | F29: 대변 | G29: - | H29: 8864901 | I29: 225013 2026년05월 기타의무형자산 계상 | O29: 승인 | Q29: 46173 | R29: 20260531A0016 | T29: 경리전표
A30: 46173 | B30: A0017 | C30: 재무팀 | D30: 서정아 | E30: 기타의무형자산 | F30: 대변 | G30: - | H30: 7092023 | I30: 225013 2026년05월 기타의무형자산 계상 | O30: 승인 | Q30: 46173 | R30: 20260531A0017 | T30: 경리전표
A31: 46203 | B31: A0020 | C31: 재무팀 | D31: 서정아 | E31: 기타의무형자산 | F31: 대변 | G31: - | H31: 8864901 | I31: 225013 2026년06월 기타의무형자산 계상 | O31: 승인 | Q31: 46203 | R31: 20260630A0020 | T31: 경리전표
A32: 46203 | B32: A0021 | C32: 재무팀 | D32: 서정아 | E32: 기타의무형자산 | F32: 대변 | G32: - | H32: 5935702 | I32: 225013 2026년06월 기타의무형자산 계상 | O32: 승인 | Q32: 46203 | R32: 20260630A0021 | T32: 경리전표
A33: 46203 | B33: A0043 | C33: 재무팀 | D33: 서정아 | E33: 기타의무형자산 | F33: 대변 | G33: - | H33: -2131733 | I33: 225013 2026년 06월 손상 감가상각비 조정 | O33: 승인 | Q33: 46203 | R33: 20260630A0043 | T33: 경리전표
H36: =SUM(H21:H35) -> 87559774
H38: =H36='4800_무형자산'!D16 -> TRUE

Sheet 4800_무형자산_주석
A2: =기본사항!C8 -> 주식회사 경남제약 | G2: 조서No. 4801
A3: 무형자산
A4: 무형자산_주석
A8: 당반기와 전반기 중 무형자산의 변동내역은 다음과 같습니다.
A10: (단위: 원)
A11: 구분 | B11: 당반기 | C11: 전반기
A12: 기초 | B12: 210052492 | C12: 355676275 | D12: =B12='4800_무형자산'!B20 -> TRUE
A13: 취득 | B13: 3268182800 | C13: 4535900 | D13: =B13='4800_무형자산'!C16 -> TRUE
A14: 처분 | B14: 0 | C14: 0
A15: 상각 | B15: -77559778 | C15: -73662181 | D15: ='4800_무형자산'!D16+'4800_무형자산'!D18=-B15 -> TRUE
A16: 기타(*1) | B16: -12880846 | C16: 0 | D16: =B16='4800_무형자산'!C17 -> TRUE
A17: 반기말 | B17: =SUM(B12:B16) -> 3387794668 | C17: 286549994
B18: =B17='4800_무형자산'!H20 -> TRUE
A22: 구 분 | B22: 무형자산 | C22: 특허권
A23: 취득원가:
A24: 기초 | B24: 2196047039 | C24: 350344600
A25: 취득 | B25: 3268182800 | C25: 0
A26: 대체증감 | B26: 0 | C26: 0
A27: 처분 | B27: 0 | C27: 0
A28: 기말 | B28: 5464229839 | C28: 350344600
A29: 감가상각누계액:
A30: 기초 | B30: -1981182886 | C30: -182889873
A31: 처분으로 인한 제거 | B31: 0 | C31: 0
A32: 감가상각비 | B32: -77559778 | C32: 0
A33: 대체증감 | B33: 0 | C33: 0
A34: 기말 | B34: -2058742664 | C34: -182889873
A35: 손상차손누계액: | B35: -17692507 | C35: -167454727
A36: 장부금액 | B36: 3387794668 | C36: 0

Sheet 4970_보증금
A2: =기본사항!C8 -> 주식회사 경남제약 | G2: 조서No. 4901
A3: 보증금
A4: LEAD SCHEDULE
A5: 작성자 | C5: =기본사항!C11 -> 이병하 | E5: 검토자 | G5: =기본사항!C13 -> 이광우
A6: 작성일 | C6: =기본사항!C12 -> 46227 | E6: 검토일 | G6: =기본사항!C14 -> 46227
A7: 결산일 | C7: =기본사항!C10 -> 46203
B10: 전 기 | E10: =기본사항!C10 -> 46203 | I10: 비 고
A11: ACCOUNT | B11: 전기잔액 | C11: INCREASE | D11: DECREASE | E11: PER BOOK | F11: AJE | G11: RES | H11: FINAL | I11: Refer | J11: NOTE
A12: 보증금_임차보증금 | B12: 119000000 | C12: =IFERROR(_xlfn.XLOOKUP(A12,데이터개요_계정별!$A$2:$A$300,데이터개요_계정별!$C$2:$C$300,,0,),0) -> 244221000 | D12: =IFERROR(_xlfn.XLOOKUP(A12,데이터개요_계정별!$A$2:$A$300,데이터개요_계정별!$G$2:$G$300,,0,),0) -> 5000000 | E12: =B12+C12-D12 -> 358221000 | H12: =E12+F12+G12 -> 358221000 | I12: C910
A13: 보증금_임차보증금(현재가치할인차금) | B13: -4281763 | C13: =IFERROR(_xlfn.XLOOKUP(A13,데이터개요_계정별!$A$2:$A$300,데이터개요_계정별!$C$2:$C$300,,0,),0) -> 4238879 | D13: =IFERROR(_xlfn.XLOOKUP(A13,데이터개요_계정별!$A$2:$A$300,데이터개요_계정별!$G$2:$G$300,,0,),0) -> 35716695 | E13: =B13+C13-D13 -> -35759579 | H13: =E13+F13+G13 -> -35759579 | I13: C920
A14: 보증금_기타보증금 | B14: 30600000 | C14: =IFERROR(_xlfn.XLOOKUP(A14,데이터개요_계정별!$A$2:$A$300,데이터개요_계정별!$C$2:$C$300,,0,),0) -> 0 | D14: =IFERROR(_xlfn.XLOOKUP(A14,데이터개요_계정별!$A$2:$A$300,데이터개요_계정별!$G$2:$G$300,,0,),0) -> 0 | E14: =B14+C14-D14 -> 30600000 | H14: =E14+F14+G14 -> 30600000 | I14: C930
I15: C940
A17: 합 계 | B17: =SUM(B12:B15) -> 145318237 | C17: =SUM(C12:C15) -> 248459879 | D17: =SUM(D12:D15) -> 40716695 | E17: =SUM(E12:E15) -> 353061421 | F17: =SUM(F12:F15) -> 0 | G17: =SUM(G12:G15) -> 0 | H17: =SUM(H12:H15) -> 353061421
A19: ▶ 증감분석
A20: ACCOUNT | B20: 증감금액 | C20: 증감비율 | D20: 비 고
A21: =A12 -> 보증금_임차보증금 | B21: =E12-B12 -> 239221000 | C21: =IFERROR(B21/B12,0) -> 2.0102605
A22: =A13 -> 보증금_임차보증금(현재가치할인차금) | B22: =E13-B13 -> -31477816 | C22: =IFERROR(B22/B13,0) -> 7.3516017
A23: =A14 -> 보증금_기타보증금 | B23: =E14-B14 -> 0 | C23: =IFERROR(B23/B14,0) -> 0
B24: =E15-B15 -> 0 | C24: =IFERROR(B24/B15,0) -> 0
A27: ▶ 감사절차 (Audit Procedures)
A28: No. | B28: 감사절차 | E28: 경영진 주장 | G28: 수행여부 | H28: 조서번호 | I28: 비 고
A29: 1 | B29: [총괄표 작성 및 전기 대비 검토] 당기말 잔액을 총계정원장과, 전기말 잔액은 전기감사보고서와 대조하고 유의적 변동원인을 파악한다. | E29: E, C, CL
A30: 2 | B30: [명세서 검증] 기타비유동자산명세서를 입수하여 계산검증하고 보조부와 대조한다. | E30: C, V
A31: 3 | B31: [외부확인 수행] 주요 거래처에 대한 자산이 중요할 경우 외부 확인을 수행한다. | E31: A, E, RO
A32: 4 | B32: [주요 항목 증빙 대조] 주요 금액에 대해 관련 증빙서류와 대조하여 거래 발생 및 금액의 타당성을 확인한다. | E32: E, C, V
A33: 5 | B33: [회수가능성 및 대손충당금] 회수불능자산의 대손처리 여부를 확인하고 대손충당금 설정의 타당성 및 계속성을 검토한다. | E33: V
A34: 6 | B34: [현재가치 평가 적정성] 현재가치 평가 대상 자산의 할인율·할인차금 계산 적정성을 검증하고 관련 손익계정 반영 여부를 확인한다. | E34: V, A
A35: 7 | B35: [관련 손익계정 연계 검토] 기타비유동자산 관련 발생 손익계정이 적정하게 계상되었는지 확인한다. | E35: C, V, A
A36: 8 | B36: [특수관계자 거래 검토] 특수관계자와의 거래 금액·조건 적정성을 확인한다. | E36: E, CL
A37: 9 | B37: [재무제표 공시사항 검토] 공시사항 점검표에 따라 주석 기재 충분성을 확인한다. | E37: C, CL, U, P
A39: ▶ 감사결론
A44: ※ 본 감사조서는 「주식회사 등의 외부감사에 관한 법률」에 따라 작성되었습니다.

Sheet 4970_보증금_증감
A2: =기본사항!C8 -> 주식회사 경남제약 | G2: 조서No. 4910
A3: 보증금
A4: LEAD SCHEDULE
A6: 보증금_임차보증금의 증가
A7: 전표일자 | B7: 전표번호 | C7: 부서 | D7: 사원명 | E7: 계정명 | F7: 차대구분 | G7: 차변 | H7: 대변 | I7: 적요 | J7: 승인요청일 | K7: 지급요청일 | L7: 반제일자 | M7: 거래처 | N7: 거래처명 | O7: 전표상태 | P7: 처리사유 | Q7: 등록일자 | R7: 회계번호 | S7: 승인자 | T7: 전표유형 | U7: 구분 | V7: PK
A8: 46111 | B8: R0002 | C8: 인사팀 | D8: 전계준 | E8: 보증금_임차보증금 | F8: 차변 | G8: 129587000 | H8: 0 | I8: 225013 당사 임원용 법인차량 신규리스 보증금 지급 건/202603-인사팀-61, 202603-인사팀-52 | J8: 2026-03-30 | M8: R07570 | N8: 주식회사 아이엠캐피탈 | O8: 승인 | Q8: 46111 | R8: 20260330R0003 | S8: 김규리 | T8: 결의전표 | U8: 당기 | V8: 000R0002
A9: 46113 | B9: R0012 | C9: 인사팀 | D9: 전계준 | E9: 보증금_임차보증금 | F9: 차변 | G9: 27560000 | H9: 0 | I9: 225013 당사 임원용 법인차량 신규리스 보증금 지급 건/202604-인사팀-10 | J9: 2026-04-01 | M9: R07575 | N9: 신한카드 | O9: 승인 | Q9: 46113 | R9: 20260401R0021 | S9: 김규리 | T9: 결의전표 | U9: 당기 | V9: 000R0012
A10: 46119 | B10: R0010 | C10: 인사팀 | D10: 전계준 | E10: 보증금_임차보증금 | F10: 차변 | G10: 47174000 | H10: 0 | I10: 225013 (주)미래아이앤지 농협캐피탈 리스 승계 263로1066 법인차량 보증금 차량:G90 | J10: 2026-04-07 | M10: R07267 | N10: 엔에이치농협캐피탈주식회사 | O10: 승인 | Q10: 46119 | R10: 20260407R0010 | S10: 김규리 | T10: 결의전표 | U10: 당기 | V10: 000R0010
A11: 46119 | B11: R0010 | C11: 인사팀 | D11: 전계준 | E11: 보증금_임차보증금 | F11: 차변 | G11: 29900000 | H11: 0 | I11: 225013 (주)미래아이앤지 하나캐피탈 리스 승계 228호3591 법인차량 보증금 차량:G80 | J11: 2026-04-07 | M11: R04413 | N11: 하나캐피탈(주) | O11: 승인 | Q11: 46119 | R11: 20260407R0010 | S11: 김규리 | T11: 결의전표 | U11: 당기 | V11: 000R0010
A12: 46174 | B12: R0003 | C12: 영업기획팀 | D12: 김민주 | E12: 보증금_임차보증금 | F12: 차변 | G12: 10000000 | H12: 0 | I12: 225013 전주) 사무실 보증금 지급 / 202605-인사팀-57 | J12: 2026-06-01 | M12: R07601 | N12: 김필수(전주지점임대) | O12: 승인 | Q12: 46174 | R12: 20260601R0003 | S12: 박재윤 | T12: 결의전표 | U12: 당기 | V12: 000R0003
G15: =SUM(G8:G14) -> 244221000
A18: 보증금_임차보증금의 감소
A19: 전표일자 | B19: 전표번호 | C19: 부서 | D19: 사원명 | E19: 계정명 | F19: 차대구분 | G19: 차변 | H19: 대변 | I19: 적요 | J19: 승인요청일 | K19: 지급요청일 | L19: 반제일자 | M19: 거래처 | N19: 거래처명 | O19: 전표상태 | P19: 처리사유 | Q19: 등록일자 | R19: 회계번호 | S19: 승인자 | T19: 전표유형 | U19: 구분 | V19: PK
A20: 46164 | B20: A0001 | C20: 재무팀 | D20: 서정아 | E20: 보증금_임차보증금 | F20: 대변 | G20: 0 | H20: 5000000 | I20: 225013 전주) 사무실 이전 보증금(20.02.15-22.02.14)/임차료/202002-의약도매팀-115 | M20: R05948 | N20: 제이지컴퍼니 | O20: 승인 | Q20: 46164 | R20: 20260522A0001 | T20: 경리전표 | U20: 당기 | V20: 000A0001
H22: =SUM(H20:H21) -> 5000000

Sheet 5300_기타유동부채
A2: =기본사항!C8 -> 주식회사 경남제약 | G2: 조서No. 5301
A3: 기타유동부채
A4: LEAD SCHEDULE
A5: 작성자 | C5: =기본사항!C11 -> 이병하 | E5: 검토자 | G5: =기본사항!C13 -> 이광우
A6: 작성일 | C6: =기본사항!C12 -> 46227 | E6: 검토일 | G6: =기본사항!C14 -> 46227
A7: 결산일 | C7: =기본사항!C10 -> 46203
E10: =기본사항!C10 -> 46203 | I10: 비 고
A11: ACCOUNT | B11: 전기잔액 | C11: INCREASE | D11: DECREASE | E11: PER BOOK | F11: AJE | G11: RES | H11: FINAL | I11: Refer | J11: NOTE
A12: 미지급금 | B12: =SUMIF($B$32:$B$48,A12,$C$32:$C$48) -> 1534681919 | C12: =SUMIF($B$32:$B$49,A12,$E$32:$E$49) -> 14875550933 | D12: =SUMIF($B$32:$B$49,A12,$D$32:$D$49) -> 14405417414 | E12: =B12+C12-D12 -> 2004815438 | H12: =E12+F12+G12 -> 2004815438 | I12: D310
A13: 미지급비용 | B13: =SUMIF($B$32:$B$48,A13,$C$32:$C$48) -> 735115996 | C13: =SUMIF($B$32:$B$49,A13,$E$32:$E$49) -> 5935737188 | D13: =SUMIF($B$32:$B$49,A13,$D$32:$D$49) -> 6028933721 | E13: =B13+C13-D13 -> 641919463 | H13: =E13+F13+G13 -> 641919463 | I13: D320
A14: 선수금 | B14: =SUMIF($B$32:$B$48,A14,$C$32:$C$48) -> 1331816 | C14: =SUMIF($B$32:$B$49,A14,$E$32:$E$49) -> 11616039249 | D14: =SUMIF($B$32:$B$49,A14,$D$32:$D$49) -> 11616039249 | E14: =B14+C14-D14 -> 1331816 | H14: =E14+F14+G14 -> 1331816 | I14: D330
A15: 예수금 | B15: =SUMIF($B$32:$B$48,A15,$C$32:$C$48) -> 67274989 | C15: =SUMIF($B$32:$B$49,A15,$E$32:$E$49) -> 6262044536 | D15: =SUMIF($B$32:$B$49,A15,$D$32:$D$49) -> 6270744430 | E15: =B15+C15-D15 -> 58575095 | H15: =E15+F15+G15 -> 58575095 | I15: D340
A16: 부가세예수금 | B16: =SUMIF($B$32:$B$48,A16,$C$32:$C$48) -> 0 | C16: =SUMIF($B$32:$B$49,A16,$E$32:$E$49) -> 5073463073 | D16: =SUMIF($B$32:$B$49,A16,$D$32:$D$49) -> 5073463073 | E16: =B16+C16-D16 -> 0 | H16: =E16+F16+G16 -> 0 | I16: D350
A17: 임대보증금 | B17: 383000000 | C17: =IFERROR(_xlfn.XLOOKUP(A17,데이터개요_계정별!$A$2:$A$400,데이터개요_계정별!$G$2:$G$400,,0,),0) -> 483000000 | D17: =IFERROR(_xlfn.XLOOKUP(A17,데이터개요_계정별!$A$2:$A$400,데이터개요_계정별!$C$2:$C$400,,0,),0) -> 166000000 | E17: =B17+C17-D17 -> 700000000
A19: 합 계 | B19: =SUM(B12:B17) -> 2721404720 | C19: =SUM(C12:C17) -> 44245834979 | D19: =SUM(D12:D17) -> 43560597887 | E19: =SUM(E12:E17) -> 3406641812 | F19: =SUM(F12:F17) -> 0 | G19: =SUM(G12:G17) -> 0 | H19: =SUM(H12:H17) -> 2706641812
A21: ▶ 증감분석
A22: ACCOUNT | B22: 증감금액 | C22: 증감비율 | D22: 비 고
A23: 미지급금 | B23: =E12-B12 -> 470133519 | C23: =IFERROR(B23/B12,0) -> 0.30633939
A24: 미지급비용 | B24: =E13-B13 -> -93196533 | C24: =IFERROR(B24/B13,0) -> -0.126778
A25: 일반선수금 | B25: =E14-B14 -> 0 | C25: =IFERROR(B25/B14,0) -> 0
A26: 예수금 | B26: =E15-B15 -> -8699894 | C26: =IFERROR(B26/B15,0) -> -0.1293184
A27: 부가세예수금 | B27: =E16-B16 -> 0 | C27: =IFERROR(B27/B16,0) -> 0
A28: 기타유동부채 | B28: =#REF!-#REF! -> #REF! | C28: =IFERROR(B28/#REF!,0) -> 0
A31: 회사계정 | B31: 공시계정 | C31: 기초 | D31: 차변 | E31: 대변 | F31: 기말
A32: 미지급금(사원) | B32: 미지급금 | C32: 110911176 | D32: =IFERROR(_xlfn.XLOOKUP(A32,데이터개요_계정별!$A$2:$A$400,데이터개요_계정별!$C$2:$C$400,,0,),0) -> 503640751 | E32: =IFERROR(_xlfn.XLOOKUP(A32,데이터개요_계정별!$A$2:$A$400,데이터개요_계정별!$G$2:$G$400,,0,),0) -> 845109047 | F32: =C32+E32-D32 -> 452379472
A33: 미지급금(거래처) | B33: 미지급금 | C33: 1423770743 | D33: =IFERROR(_xlfn.XLOOKUP(A33,데이터개요_계정별!$A$2:$A$400,데이터개요_계정별!$C$2:$C$400,,0,),0) -> 13901776663 | E33: =IFERROR(_xlfn.XLOOKUP(A33,데이터개요_계정별!$A$2:$A$400,데이터개요_계정별!$G$2:$G$400,,0,),0) -> 14030441886 | F33: =C33+E33-D33 -> 1552435966
A34: 미지급비용(급여) | B34: 미지급비용 | C34: 156477580 | D34: =IFERROR(_xlfn.XLOOKUP(A34,데이터개요_계정별!$A$2:$A$400,데이터개요_계정별!$C$2:$C$400,,0,),0) -> 5341955122 | E34: =IFERROR(_xlfn.XLOOKUP(A34,데이터개요_계정별!$A$2:$A$400,데이터개요_계정별!$G$2:$G$400,,0,),0) -> 5288818422 | F34: =C34+E34-D34 -> 103340880
A35: 미지급비용(이자) | B35: 미지급비용 | C35: 74771526 | D35: =IFERROR(_xlfn.XLOOKUP(A35,데이터개요_계정별!$A$2:$A$400,데이터개요_계정별!$C$2:$C$400,,0,),0) -> 389509609 | E35: =IFERROR(_xlfn.XLOOKUP(A35,데이터개요_계정별!$A$2:$A$400,데이터개요_계정별!$G$2:$G$400,,0,),0) -> 325833973 | F35: =C35+E35-D35 -> 11095890
A36: 미지급비용(신용카드) | B36: 미지급비용 | C36: 53097829 | D36: =IFERROR(_xlfn.XLOOKUP(A36,데이터개요_계정별!$A$2:$A$400,데이터개요_계정별!$C$2:$C$400,,0,),0) -> 297468990 | E36: =IFERROR(_xlfn.XLOOKUP(A36,데이터개요_계정별!$A$2:$A$400,데이터개요_계정별!$G$2:$G$400,,0,),0) -> 321084793 | F36: =C36+E36-D36 -> 76713632
A37: 미지급비용(기타) | B37: 미지급비용 | C37: 450769061 | D37: =IFERROR(_xlfn.XLOOKUP(A37,데이터개요_계정별!$A$2:$A$400,데이터개요_계정별!$C$2:$C$400,,0,),0) -> 0 | E37: =IFERROR(_xlfn.XLOOKUP(A37,데이터개요_계정별!$A$2:$A$400,데이터개요_계정별!$G$2:$G$400,,0,),0) -> 0 | F37: =C37+E37-D37 -> 450769061
A38: 예수금_갑근소득세 | B38: 예수금 | C38: 56138154 | D38: =IFERROR(_xlfn.XLOOKUP(A38,데이터개요_계정별!$A$2:$A$400,데이터개요_계정별!$C$2:$C$400,,0,),0) -> 161095770 | E38: =IFERROR(_xlfn.XLOOKUP(A38,데이터개요_계정별!$A$2:$A$400,데이터개요_계정별!$G$2:$G$400,,0,),0) -> 147020200 | F38: =C38+E38-D38 -> 42062584
A39: 예수금_갑근주민세 | B39: 예수금 | C39: 4885924 | D39: =IFERROR(_xlfn.XLOOKUP(A39,데이터개요_계정별!$A$2:$A$400,데이터개요_계정별!$C$2:$C$400,,0,),0) -> 17041500 | E39: =IFERROR(_xlfn.XLOOKUP(A39,데이터개요_계정별!$A$2:$A$400,데이터개요_계정별!$G$2:$G$400,,0,),0) -> 14708240 | F39: =C39+E39-D39 -> 2552664
A40: 예수금_건강보험 | B40: 예수금 | C40: 0 | D40: =IFERROR(_xlfn.XLOOKUP(A40,데이터개요_계정별!$A$2:$A$400,데이터개요_계정별!$C$2:$C$400,,0,),0) -> 272800060 | E40: =IFERROR(_xlfn.XLOOKUP(A40,데이터개요_계정별!$A$2:$A$400,데이터개요_계정별!$G$2:$G$400,,0,),0) -> 272800060 | F40: =C40+E40-D40 -> 0
A41: 예수금_고용보험 | B41: 예수금 | C41: 1247490 | D41: =IFERROR(_xlfn.XLOOKUP(A41,데이터개요_계정별!$A$2:$A$400,데이터개요_계정별!$C$2:$C$400,,0,),0) -> 49905310 | E41: =IFERROR(_xlfn.XLOOKUP(A41,데이터개요_계정별!$A$2:$A$400,데이터개요_계정별!$G$2:$G$400,,0,),0) -> 49905310 | F41: =C41+E41-D41 -> 1247490
A42: 예수금_국민연금 | B42: 예수금 | C42: 258970 | D42: =IFERROR(_xlfn.XLOOKUP(A42,데이터개요_계정별!$A$2:$A$400,데이터개요_계정별!$C$2:$C$400,,0,),0) -> 249730440 | E42: =IFERROR(_xlfn.XLOOKUP(A42,데이터개요_계정별!$A$2:$A$400,데이터개요_계정별!$G$2:$G$400,,0,),0) -> 249730440 | F42: =C42+E42-D42 -> 258970
A43: 예수금_기타 | B43: 예수금 | C43: 4744451 | D43: =IFERROR(_xlfn.XLOOKUP(A43,데이터개요_계정별!$A$2:$A$400,데이터개요_계정별!$C$2:$C$400,,0,),0) -> 5520171350 | E43: =IFERROR(_xlfn.XLOOKUP(A43,데이터개요_계정별!$A$2:$A$400,데이터개요_계정별!$G$2:$G$400,,0,),0) -> 5527880286 | F43: =C43+E43-D43 -> 12453387
... A47: 일반선수금 | B47: 선수금 | C47: 1331816 | D47: =IFERROR(_xlfn.XLOOKUP(A47,데이터개요_계정별!$A$2:$A$400,데이터개요_계정별!$C$2:$C$400,,0,),0) -> 11616039249 | E47: =IFERROR(_xlfn.XLOOKUP(A47,데이터개요_계정별!$A$2:$A$400,데이터개요_계정별!$G$2:$G$400,,0,),0) -> 11616039249 | F47: =C47+E47-D47 -> 1331816
A50: ▶ 감사절차 (Audit Procedures)
A51: No. | B51: 감사절차 | E51: 경영진 주장 | G51: 수행여부 | H51: 조서번호 | I51: 비 고
A52: 1 | B52: [총괄표 작성 및 전기 대비 검토] 당기말 잔액을 총계정원장과, 전기말 잔액은 전기감사보고서와 대조한다. 양연도간 유의적 변동원인을 파악한다. | E52: E, C, CL
A53: 2 | B53: [계정별 명세서 검증] 거래처·거래내용·계산근거·기말잔액이 표시된 명세서를 입수하여 계산검증하고 보조부와 대조한다. 기초·기말 내역을 비교하고 계속성을 확인한다. 유의적·비경상적 항목을 스캔한다. | E53: E, RO, V
A54: 3 | B54: [주요 항목 증빙 대조] 주요 금액에 대해 관련 증빙서류와 대조하여 거래 발생 및 금액의 타당성을 확인한다. | E54: A, E, V
A55: 4 | B55: [미지급 계상 완전성 검토] 손익계산서 및 제조원가명세서상 비용항목을 검토하여 미지급 계상의 완전성을 확인한다. | E55: C, CO
A56: 5 | B56: [기간귀속(Cut-off) 검토] 기말 이후 지급된 금액을 조사하여 당기에 제공받은 용역 관련 지급이 해당 기간에 적절히 부채로 계상되었는지 확인한다. | E56: C, CO
A57: 6 | B57: [외부조회 수행] 주요 거래처에 대한 채무가 중요할 경우 외부 확인을 수행한다. | E57: A, E, C, RO
A58: 7 | B58: [외화채무 환산 검토] 외화표시 채무의 기말 환율 적용 및 외화환산손익 계상 적정성을 검토한다. | E58: V, CL
A59: 8 | B59: [재무제표 표시·분류 적정성 검토] 가수금 등 미결산 항목의 적절한 과목 표시 여부, 성질·금액이 중요한 항목의 구분 기재, 1년 이후 지급 금액의 비유동 재분류 여부를 확인한다. | E59: CL, U, P
A60: 9 | B60: [특수관계자 거래 검토] 특수관계자와의 거래 금액·조건 적정성을 확인한다. | E60: E, CL
A61: 10 | B61: [재무제표 공시사항 검토] 공시사항 점검표에 따라 주석 기재 충분성을 확인한다. | E61: C, CL, U, P
A63: ▶ 감사결론
A68: ※ 본 감사조서는 「주식회사 등의 외부감사에 관한 법률」에 따라 작성되었습니다.

Sheet 5300_기타유동부채_총계정원장
A2: =기본사항!C8 -> 주식회사 경남제약 | G2: 조서No. 5301
A3: 기타유동부채
A4: 월별증감
A7: 미지급금_거래처
A8: 월 | B8: 차변합계 | C8: 차변건수 | D8: 대변합계 | E8: 대변건수 | G8: *1 | H8: 미지급금(거래처) 4월 증가 원인은 인콘 골프회원권 양수2,981,000천원으로 인한 영향
A9: 2026-01 | B9: 1605899052 | C9: 584 | D9: 1384975959 | E9: 607
A10: 2026-02 | B10: 1227615881 | C10: 536 | D10: 1464676011 | E10: 539
A11: 2026-03 | B11: 2128466455 | C11: 665 | D11: 2235740528 | E11: 588
A12: 2026-04 | B12: 4707973269 | C12: 608 | D12: 5262772548 | E12: 593 | F12: *1
A13: 2026-05 | B13: 2091600555 | C13: 515 | D13: 1415896443 | E13: 612
A14: 2026-06 | B14: 2140221451 | C14: 745 | D14: 2266380397 | E14: 701
A15: 2026-07 | B15: 0 | C15: 0 | D15: 0 | E15: 0
A16: 2026-08 | B16: 0 | C16: 0 | D16: 0 | E16: 0
A17: 2026-09 | B17: 0 | C17: 0 | D17: 0 | E17: 0
A18: 2026-10 | B18: 0 | C18: 0 | D18: 0 | E18: 0
A19: 2026-11 | B19: 0 | C19: 0 | D19: 0 | E19: 0
A20: 2026-12 | B20: 0 | C20: 0 | D20: 0 | E20: 0
A21: 합 계 | B21: 13901776663 | C21: 3653 | D21: 14030441886 | E21: 3640
A23: 미지급금_사원
A24: 월 | B24: 차변합계 | C24: 차변건수 | D24: 대변합계 | E24: 대변건수
A25: 2026-01 | B25: 73205656 | C25: 193 | D25: 56443564 | E25: 166
A26: 2026-02 | B26: 55491364 | C26: 163 | D26: 196571129 | E26: 161
A27: 2026-03 | B27: 200728419 | C27: 169 | D27: 73754290 | E27: 187
A28: 2026-04 | B28: 71463870 | C28: 183 | D28: 60365236 | E28: 218
A29: 2026-05 | B29: 58677756 | C29: 216 | D29: 44023686 | E29: 194
A30: 2026-06 | B30: 44073686 | C30: 193 | D30: 413951142 | E30: 198
A31: 2026-07 | B31: 0 | C31: 0 | D31: 0 | E31: 0
A32: 2026-08 | B32: 0 | C32: 0 | D32: 0 | E32: 0
A33: 2026-09 | B33: 0 | C33: 0 | D33: 0 | E33: 0
A34: 2026-10 | B34: 0 | C34: 0 | D34: 0 | E34: 0
A35: 2026-11 | B35: 0 | C35: 0 | D35: 0 | E35: 0
A36: 2026-12 | B36: 0 | C36: 0 | D36: 0 | E36: 0
A37: 합 계 | B37: 503640751 | C37: 1117 | D37: 845109047 | E37: 1124
A39: 미지급비용_급여
A40: 월 | B40: 차변합계 | C40: 차변건수 | D40: 대변합계 | E40: 대변건수
A41: 2026-01 | B41: 957374482 | C41: 4 | D41: 877129962 | E41: 8
A42: 2026-02 | B42: 1022971913 | C42: 4 | D42: 992958973 | E42: 8
A43: 2026-03 | B43: 811432975 | C43: 3 | D43: 849100715 | E43: 8
A44: 2026-04 | B44: 839658132 | C44: 3 | D44: 814981332 | E44: 6
A45: 2026-05 | B45: 846167645 | C45: 3 | D45: 826832645 | E45: 6
A46: 2026-06 | B46: 864349975 | C46: 3 | D46: 927814795 | E46: 7
A47: 2026-07 | B47: 0 | C47: 0 | D47: 0 | E47: 0
A48: 2026-08 | B48: 0 | C48: 0 | D48: 0 | E48: 0
A49: 2026-09 | B49: 0 | C49: 0 | D49: 0 | E49: 0
A50: 2026-10 | B50: 0 | C50: 0 | D50: 0 | E50: 0
A51: 2026-11 | B51: 0 | C51: 0 | D51: 0 | E51: 0
A52: 2026-12 | B52: 0 | C52: 0 | D52: 0 | E52: 0
A53: 합 계 | B53: 5341955122 | C53: 20 | D53: 5288818422 | E53: 43
A55: 미지급비용_신용카드
A56: 월 | B56: 차변합계 | C56: 차변건수 | D56: 대변합계 | E56: 대변건수
A57: 2026-01 | B57: 53097829 | C57: 2 | D57: 46954459 | E57: 1053
A58: 2026-02 | B58: 46954459 | C58: 2 | D58: 38836646 | E58: 900
A59: 2026-03 | B59: 38751046 | C59: 2 | D59: 48507287 | E59: 1109
A60: 2026-04 | B60: 48592887 | C60: 2 | D60: 60205075 | E60: 1256
A61: 2026-05 | B61: 60919575 | C61: 3 | D61: 49168024 | E61: 1116
A62: 2026-06 | B62: 49153194 | C62: 3 | D62: 77413302 | E62: 1189
A63: 2026-07 | B63: 0 | C63: 0 | D63: 0 | E63: 0
A64: 2026-08 | B64: 0 | C64: 0 | D64: 0 | E64: 0
A65: 2026-09 | B65: 0 | C65: 0 | D65: 0 | E65: 0
A66: 2026-10 | B66: 0 | C66: 0 | D66: 0 | E66: 0
A67: 2026-11 | B67: 0 | C67: 0 | D67: 0 | E67: 0
A68: 2026-12 | B68: 0 | C68: 0 | D68: 0 | E68: 0
A69: 합 계 | B69: 297468990 | C69: 14 | D69: 321084793 | E69: 6623
A71: 미지급비용_이자
A72: 월 | B72: 차변합계 | C72: 차변건수 | D72: 대변합계 | E72: 대변건수
A73: 2026-01 | B73: 74771526 | C73: 7 | D73: 75505772 | E73: 6
A74: 2026-02 | B74: 75505772 | C74: 6 | D74: 63301475 | E74: 6
A75: 2026-03 | B75: 63301475 | C75: 6 | D75: 75505771 | E75: 6
A76: 2026-04 | B76: 75505771 | C76: 6 | D76: 72892990 | E76: 6
A77: 2026-05 | B77: 72892990 | C77: 6 | D77: 27532075 | E77: 5
A78: 2026-06 | B78: 27532075 | C78: 5 | D78: 11095890 | E78: 1
A79: 2026-07 | B79: 0 | C79: 0 | D79: 0 | E79: 0
A80: 2026-08 | B80: 0 | C80: 0 | D80: 0 | E80: 0
A81: 2026-09 | B81: 0 | C81: 0 | D81: 0 | E81: 0
A82: 2026-10 | B82: 0 | C82: 0 | D82: 0 | E82: 0
A83: 2026-11 | B83: 0 | C83: 0 | D83: 0 | E83: 0
A84: 2026-12 | B84: 0 | C84: 0 | D84: 0 | E84: 0
A85: 합 계 | B85: 389509609 | C85: 36 | D85: 325833973 | E85: 30
A87: 일반선수금
A88: 월 | B88: 차변합계 | C88: 차변건수 | D88: 대변합계 | E88: 대변건수
A89: 2026-01 | B89: 566523483 | C89: 69 | D89: 767521392 | E89: 73
A90: 2026-02 | B90: 544642955 | C90: 48 | D90: 656252204 | E90: 60
A91: 2026-03 | B91: 626476640 | C91: 76 | D91: 1099479908 | E91: 89 | F91: *1
A92: 2026-04 | B92: 8269844299 | C92: 75 | D92: 7761685680 | E92: 86 | F92: *2
A93: 2026-05 | B93: 507789869 | C93: 70 | D93: 973942329 | E93: 77 | F93: *3
A94: 2026-06 | B94: 1100762003 | C94: 73 | D94: 357157736 | E94: 95
A95: 2026-07 | B95: 0 | C95: 0 | D95: 0 | E95: 0
A96: 2026-08 | B96: 0 | C96: 0 | D96: 0 | E96: 0
A97: 2026-09 | B97: 0 | C97: 0 | D97: 0 | E97: 0
A98: 2026-10 | B98: 0 | C98: 0 | D98: 0 | E98: 0
A99: 2026-11 | B99: 0 | C99: 0 | D99: 0 | E99: 0
A100: 2026-12 | B100: 0 | C100: 0 | D100: 0 | E100: 0
A101: 합 계 | B101: 11616039249 | C101: 411 | D101: 11616039249 | E101: 480
A103: *1 | B103: 3월 일반선수금의 증가는 6회차 매각대금 665,446,043원으로 인한 영향임
A104: *2 | B104: 4월 일반선수금의 증가는 5,6회차 전환사채 매각대금 7,070,439,848원의 영향임
A105: *3 | B105: 5월 일반선수금의 증가는 미니쉬 임대보증금 432,000,000원으로 인힌 영향임

Sheet 5400_퇴직급여부채
A2: =기본사항!C8 -> 주식회사 경남제약 | G2: 조서No. 5401
A3: 퇴직급여부채 및 급여
A4: LEAD SCHEDULE
A5: 작성자 | C5: =기본사항!C11 -> 이병하 | E5: 검토자 | G5: =기본사항!C13 -> 이광우
A6: 작성일 | C6: =기본사항!C12 -> 46227 | E6: 검토일 | G6: =기본사항!C14 -> 46227
A7: 결산일 | C7: =기본사항!C10 -> 46203
B10: 전 기 | E10: =기본사항!C10 -> 46203 | I10: 비 고
A11: ACCOUNT | B11: 전기잔액 | C11: INCREASE | D11: DECREASE | E11: PER BOOK | F11: AJE | G11: RES | H11: FINAL | I11: Refer | J11: NOTE
A12: 퇴직급여충당금 | B12: 8313925404 | C12: =IFERROR(_xlfn.XLOOKUP(A12,데이터개요_계정별!$A$2:$A$400,데이터개요_계정별!$G$2:$G$400,,0,),0) -> 298405344 | D12: =IFERROR(_xlfn.XLOOKUP(A12,데이터개요_계정별!$A$2:$A$400,데이터개요_계정별!$C$2:$C$400,,0,),0) -> 707565318 | E12: =B12+C12-D12 -> 7904765430 | H12: =E12+F12+G12 -> 7904765430 | I12: D410
A13: 국민연금전환금 | B13: -1444800 | C13: =-IFERROR(_xlfn.XLOOKUP(A13,데이터개요_계정별!$A$2:$A$400,데이터개요_계정별!$C$2:$C$400,,0,),0) -> 0 | D13: =-IFERROR(_xlfn.XLOOKUP(A13,데이터개요_계정별!$A$2:$A$400,데이터개요_계정별!$G$2:$G$400,,0,),0) -> -1444800 | E13: =B13+C13-D13 -> 0 | H13: =E13+F13+G13 -> 0 | I13: D411
A14: 퇴직연금예치금 | B14: -8067685796 | C14: =-IFERROR(_xlfn.XLOOKUP(A14,데이터개요_계정별!$A$2:$A$400,데이터개요_계정별!$C$2:$C$400,,0,),0) -> -7683935017 | D14: =-IFERROR(_xlfn.XLOOKUP(A14,데이터개요_계정별!$A$2:$A$400,데이터개요_계정별!$G$2:$G$400,,0,),0) -> -7935529412 | E14: =B14+C14-D14 -> -7816091401 | H14: =E14+F14+G14 -> -7816091401
A17: 합 계 | B17: =SUM(B12:B15) -> 244794808 | C17: =SUM(C12:C15) -> -7385529673 | D17: =SUM(D12:D15) -> -7229408894 | E17: =SUM(E12:E15) -> 88674029 | F17: =SUM(F12:F15) -> 0 | G17: =SUM(G12:G15) -> 0 | H17: =SUM(H12:H15) -> 88674029
A19: ▶ 증감분석
A20: ACCOUNT | B20: 증감금액 | C20: 증감비율 | D20: 비 고
A21: 퇴직급여충당금 | B21: =E12-B12 -> -409159974 | C21: =IFERROR(B21/B12,0) -> -0.049213813
A22: 퇴직연금예치금 | B22: =E13-B13 -> 1444800 | C22: =IFERROR(B22/B13,0) -> -1
A24: ▶ 증감구분
B25: 증가 | G25: 감소
A26: 계정명 | B26: 비용/불입 | C26: 이자수입 | D26: 재측정손익 | E26: 대체 | F26: 증가계 | G26: 퇴직금지급 | H26: 재측정손익 | I26: 대체 | J26: 감소계 | K26: 증가 검증 | L26: 감소검증
A27: 퇴직급여충당금 | B27: ='5400_퇴직급여_분석적검토'!I22+'5400_퇴직급여_분석적검토'!I23 -> 684128115 | D27: =SUM('5400_퇴직급여_분석적검토'!I28:I30)-SUM('5400_퇴직급여_분석적검토'!H28:H30) -> -387167571 | F27: =SUM(B27:E27) -> 296960544 | G27: ='5400_퇴직급여_분석적검토'!H27 -> 706120518 | H27: 0 | J27: =SUM(G27:I27) -> 706120518 | K27: =F27-C12 -> -1444800 | L27: =G27-D12 -> -1444800
A28: 퇴직연금예치금 | B28: ='5400_퇴직급여_분석적검토'!J26 -> 0 | C28: ='5400_퇴직급여_분석적검토'!J24 -> 92657802 | D28: ='5400_퇴직급여_분석적검토'!J25 -> 0 | E28: ='5400_퇴직연금예치금_증감'!G13 -> 7591277215 | F28: =SUM(B28:E28) -> 7683935017 | G28: ='5400_퇴직급여_분석적검토'!K27 -> 344252197 | H28: 0 | I28: ='5400_퇴직연금예치금_증감'!H59 -> 7591277215 | J28: =SUM(G28:I28) -> 7935529412 | K28: =F28=-C14 -> TRUE | L28: =J28=-D14 -> TRUE
B29: =SUM(B27:B28) -> 684128115 | C29: =SUM(C27:C28) -> 92657802 | D29: =SUM(D27:D28) -> -387167571 | E29: =SUM(E27:E28) -> 7591277215 | F29: =SUM(F27:F28) -> 7980895561 | G29: =SUM(G27:G28) -> 1050372715 | H29: =SUM(H27:H28) -> 0 | I29: =SUM(I27:I28) -> 7591277215 | J29: =SUM(J27:J28) -> 8641649930
A32: ▶ 감사절차 (Audit Procedures)
A33: No. | B33: 감사절차 | E33: 경영진 주장 | G33: 수행여부 | H33: 조서번호 | I33: 비 고
A34: 1 | B34: [총괄표 작성 및 원장 대사] 총괄표를 입수하여 총계정원장 및 전기 감사조서와 대사하고 산술적 정확성을 검토한다. | E34: E, C, CL
A35: 2 | B35: [퇴직급여제도 파악 및 분류 검토] 퇴직급여 및 기타장기종업원급여 제도를 파악하고, 경영진 질의 및 관련 문서(노동조합협약서 등) 검토를 통해 확정기여형·확정급여형 분류의 적정성을 평가한다. | E35: E, C, RO, CL
A36: 3 | B36: [확정급여형 보험계리 보고서 검토] 보험계리인 평가보고서를 입수하여 평가 주기, 할인율·임금상승률 등 재무적 가정의 합리성, 당기근무원가·이자원가 계산의 적정성을 검토한다. 보고서상 금액과 총계정원장을 대사한다. | E36: A, V
A37: 4 | B37: [사외적립자산 검토] 사외적립자산 수탁자 보고서를 입수하여 공정가치 측정 여부, 사외적립자산 정의 충족 여부를 확인한다. 미지급기여금 및 기업 발행 양도불가능 금융상품 제외 여부를 검토한다. | E37: A, E, V
A38: 5 | B38: [확정기여형 기여금 검토] 당기 기여금 결정 관련 문서를 입수하여 기여금액의 적정성을 검토하고, 미지급 기여금과 선지급 기여금의 회계처리(미지급비용·선급비용) 적정성을 확인한다. | E38: A, C, E, O
A39: 6 | B39: [급여 분석적 검토] 월별 급여명세서(부서별)를 징구하여 전기 동기간과 비교하고 유의적 변동원인을 파악한다. | E39: C, O, A
A40: 7 | B40: [급여 관련 계정 계상 적정성] 미지급급여·상여, 복리후생비, 원천세 예수금의 적정 계상 여부 및 제조원가·판관비·개발비 구분 배부의 타당성을 검토한다. | E40: C, O, A
A41: 8 | B41: [연차수당 미지급비용 검토] 연차 부여와 관련된 회사의 회계정책을 이해하고 연차수당 미지급비용 계상액의 적절성을 검토한다. | E41: C, E, A
A42: 9 | B42: [재무제표 공시사항 검토] 공시사항 점검표에 따라 퇴직급여제도 유형, 보험계리 가정, 사외적립자산 현황 등 주석 기재 충분성을 확인한다. | E42: C, CL, U, P
A44: ▶ 감사결론
A49: ※ 본 감사조서는 「주식회사 등의 외부감사에 관한 법률」에 따라 작성되었습니다.

Sheet 5400_퇴직금규정
A2: =기본사항!C8 -> 주식회사 경남제약 | G2: 조서No. 5401
A3: 퇴직급여부채 및 급여
A4: 퇴직급규정

Sheet 5400_퇴직급여_분석적검토
A2: =기본사항!C8 -> 주식회사 경남제약 | G2: 조서No. 5401
A3: 퇴직급여부채 및 급여
A4: 퇴직급여부채 분석적 검토 및 계리보고서 검토
A9: 퇴직급여의 계정별 구성
B10: 당반기 | D10: 전반기 | F10: 증감금액
B11: 금액 | C11: 비율 | D11: 금액 | E11: 비율
A12: 퇴직급여(판관) | B12: =SUMIF(데이터개요_계정별!$A$2:$A$400,A12,데이터개요_계정별!$C$2:$C$400) -> 432149218 | C12: =B12/$B$14 -> 0.84272066 | D12: 352693435 | E12: =D12/$D$14 -> 0.58673884 | F12: =B12-D12 -> 79455783
A13: 퇴직급여(제조) | B13: =SUMIF(데이터개요_계정별!$A$2:$A$400,'5400_퇴직급여_분석적검토'!A13,데이터개요_계정별!$C$2:$C$400) -> 80653232 | C13: =B13/$B$14 -> 0.15727934 | D13: 248414603 | E13: =D13/$D$14 -> 0.41326116 | F13: =B13-D13 -> -167761371
B14: =SUM(B12:B13) -> 512802450 | C14: =SUM(C12:C13) -> 1 | D14: =SUM(D12:D13) -> 601108038 | E14: =D14/$D$14 -> 1 | F14: =D14-B14 -> 88305588
A17: 퇴직급여충당부채의 증감
A18: 당반기>
A19: 구 분 | B19: 퇴직급여 | D19: 현금 | F19: 확정급여부채 | H19: 확정급여채무 | J19: 사외적립자산 | L19: 기타포괄손익
B20: 차변 | C20: 대변 | D20: 차변 | E20: 대변 | F20: 차변 | G20: 대변 | H20: 차변 | I20: 대변 | J20: 차변 | K20: 대변 | L20: 차변 | M20: 대변
A21: 2025년말 | I21: ='5400_퇴직급여부채'!B12 -> 8313925404 | J21: =-'5400_퇴직급여부채'!B14 -> 8067685796
A22: 근무원가 | B22: 518755681 | I22: =B22 -> 518755681
A23: 이자비용 | B23: 165372434 | I23: =B23 -> 165372434
A24: 실제수익 | C24: =170137035-77479233 -> 92657802 | J24: =C24 -> 92657802
A25: 기대오차(실제-기대)손실(이익) | C25: =170137035-C24 -> 77479233 | M25: =C25 -> 77479233
A26: 기여금
A27: 퇴직급여지급 | E27: =H27-K27 -> 361868321 | H27: 706120518 | K27: 344252197
A28: 인구통계적가정변동으로 인한손실(이익) | L28: =H28 -> 0 | M28: =I28 -> 0
A29: 재무적가정변동으로 인한 손실(이익) | H29: 403752520 | L29: =H29 -> 403752520 | M29: =I29 -> 0
A30: 가정과 실제의 차이에 의한 손실(이익) | I30: 16584949 | L30: =H30 -> 0 | M30: =I30 -> 16584949
A31: 합계 | B31: =SUM(B21:B30) -> 684128115 | C31: =SUM(C21:C30) -> 170137035 | D31: =SUM(D21:D30) -> 0 | E31: =SUM(E21:E30) -> 361868321 | F31: =SUM(F21:F30) -> 0 | G31: =SUM(G21:G30) -> 0 | H31: =SUM(H21:H30) -> 1109873038 | I31: =SUM(I21:I30) -> 9014638468 | ... M31: =SUM(M21:M30) -> 94064182
A32: 순액 | B32: =B31-C31 -> 513991080 | E32: =D31-E31 -> -361868321 | G32: =G31-F31 -> 0 | I32: =I31-H31 -> 7904765430 | J32: =J31-K31 -> 7816091401 | L32: =L31-M31 -> 309688338
B33: =B32-B14 -> 1188630
A34: 경상연구개발비대체 | B34: 2633340
A35: 국민연금전환금 | B35: ='5400_퇴직급여부채'!D13 -> -1444800
B36: =SUM(B34:B35) -> 1188540

Sheet 5400_퇴직급여충당부채_증감
A2: =기본사항!C8 -> 주식회사 경남제약 | G2: 조서No. 5401
A3: 퇴직급여부채 및 급여
A4: LEAD SCHEDULE
A8: 전표일자 | B8: 전표번호 | C8: 부서 | D8: 사원명 | E8: 계정명 | F8: 차대구분 | G8: 차변 | H8: 대변 | I8: 적요 | J8: 승인요청일 | K8: 지급요청일 | L8: 반제일자 | M8: 거래처 | N8: 거래처명 | O8: 전표상태 | P8: 처리사유 | Q8: 등록일자 | R8: 회계번호 | S8: 승인자 | T8: 전표유형 | U8: 구분 | V8: PK
A9: 46112 | B9: R0260 | C9: 인사팀 | D9: 이시현 | E9: 퇴직급여충당금 | F9: 대변 | G9: 0 | H9: 87192676 | I9: 225013 2026_1Q 확정급여채무 조정 기표 | J9: 2026-03-31 | O9: 승인 | P9: ㅇ | Q9: 46112 | R9: 20260331R0276 | S9: 서정아 | T9: 결의전표 | U9: 당기 | V9: 000R0260
A10: 46112 | B10: R0261 | C10: 인사팀 | D10: 이시현 | E10: 퇴직급여충당금 | F10: 대변 | G10: 0 | H10: 80774929 | I10: 225013 2026_3M 퇴직충당금 설정(본사) | J10: 2026-03-31 | O10: 승인 | P10: ㅇ | Q10: 46112 | R10: 20260331R0277 | S10: 서정아 | T10: 결의전표 | U10: 당기 | V10: 000R0261
A11: 46112 | B11: R0261 | C11: 인사팀 | D11: 이시현 | E11: 퇴직급여충당금 | F11: 대변 | G11: 0 | H11: -181859154 | I11: 225013 2026_3M 퇴직충당금 설정(아산) | J11: 2026-03-31 | O11: 승인 | P11: ㅇ | Q11: 46112 | R11: 20260331R0277 | S11: 서정아 | T11: 결의전표 | U11: 당기 | V11: 000R0261
A12: 46112 | B12: R0261 | C12: 인사팀 | D12: 이시현 | E12: 퇴직급여충당금 | F12: 대변 | G12: 0 | H12: 289560 | I12: 225013 2026_3M 퇴직충당금 설정(의령) | J12: 2026-03-31 | O12: 승인 | P12: ㅇ | Q12: 46112 | R12: 20260331R0277 | S12: 서정아 | T12: 결의전표 | U12: 당기 | V12: 000R0261
A13: 46112 | B13: R0261 | C13: 인사팀 | D13: 이시현 | E13: 퇴직급여충당금 | F13: 대변 | G13: 0 | H13: 5575228 | I13: 225013 2026_3M 퇴직충당금 설정(의령) | J13: 2026-03-31 | O13: 승인 | P13: ㅇ | Q13: 46112 | R13: 20260331R0277 | S13: 서정아 | T13: 결의전표 | U13: 당기 | V13: 000R0261
A14: 46113 | B14: A0024 | C14: 재무팀 | D14: 서정아 | E14: 퇴직급여충당금 | F14: 대변 | G14: 0 | H14: -87192676 | I14: 225013 2026_1Q 확정급여채무 조정 기표 | O14: 승인 | Q14: 46113 | R14: 20260401A0024 | T14: 경리전표 | U14: 당기 | V14: 000A0024
A15: 46203 | B15: R0282 | C15: 인사팀 | D15: 이시현 | E15: 퇴직급여충당금 | F15: 대변 | G15: 0 | H15: 294051763 | I15: 225013 2026_6M 퇴직충당금 설정(본사) | J15: 2026-06-30 | O15: 승인 | P15: ㅇ | Q15: 46203 | R15: 20260630R0664 | S15: 서정아 | T15: 결의전표 | U15: 당기 | V15: 000R0282
A16: 46203 | B16: R0282 | C16: 인사팀 | D16: 이시현 | E16: 퇴직급여충당금 | F16: 대변 | G16: 0 | H16: 161979408 | I16: 225013 2026_6M 퇴직충당금 설정(아산) | J16: 2026-06-30 | O16: 승인 | P16: ㅇ | Q16: 46203 | R16: 20260630R0664 | S16: 서정아 | T16: 결의전표 | U16: 당기 | V16: 000R0282
A17: 46203 | B17: R0282 | C17: 인사팀 | D17: 이시현 | E17: 퇴직급여충당금 | F17: 대변 | G17: 0 | H17: 2720580 | I17: 225013 2026_6M 퇴직충당금 설정(의령) | J17: 2026-06-30 | O17: 승인 | P17: ㅇ | Q17: 46203 | R17: 20260630R0664 | S17: 서정아 | T17: 결의전표 | U17: 당기 | V17: 000R0282
A18: 46203 | B18: R0282 | C18: 인사팀 | D18: 이시현 | E18: 퇴직급여충당금 | F18: 대변 | G18: 0 | H18: 2343870 | I18: 225013 2026_6M 퇴직충당금 설정(의령) | J18: 2026-06-30 | O18: 승인 | P18: ㅇ | Q18: 46203 | R18: 20260630R0664 | S18: 서정아 | T18: 결의전표 | U18: 당기 | V18: 000R0282
A19: 46203 | B19: R0283 | C19: 인사팀 | D19: 이시현 | E19: 퇴직급여충당금 | F19: 대변 | G19: 0 | H19: -67470840 | I19: 225013 2026_2Q 확정급여채무 조정 기표 | J19: 2026-06-30 | O19: 승인 | P19: ㅇ | Q19: 46203 | R19: 20260630R0665 | S19: 서정아 | T19: 결의전표 | U19: 당기 | V19: 000R0283
H21: =SUM(H9:H20) -> 298405344
H23: =H21='5400_퇴직급여부채'!C12 -> TRUE
A28: 전표일자 | B28: 전표번호 | C28: 부서 | D28: 사원명 | E28: 계정명 | F28: 차대구분 | G28: 차변 | H28: 대변 | I28: 적요 | J28: 승인요청일 | K28: 지급요청일 | L28: 반제일자 | M28: 거래처 | N28: 거래처명 | O28: 전표상태 | P28: 처리사유 | Q28: 등록일자 | R28: 회계번호 | S28: 승인자 | T28: 전표유형 | U28: 구분 | V28: PK | W28: 퇴사자
A29: 46052 | B29: R0070 | C29: 인사팀 | D29: 이시현 | E29: 퇴직급여충당금 | F29: 차변 | G29: 12102046 | H29: 0 | I29: 225013 일반유통팀_여성재/24.01.15-26.01.31 (퇴직연금 지급액:12,102,046원) | J29: 2026-01-30 | O29: 승인 | Q29: 46052 | R29: 20260130R0082 | S29: 김규리 | T29: 결의전표 | U29: 당기 | V29: 000R0070 | W29: 여성재
A30: 46052 | B30: R0071 | C30: 인사팀 | D30: 이시현 | E30: 퇴직급여충당금 | F30: 차변 | G30: 22440402 | H30: 0 | I30: 225013 운영파트_원지영 / 20.09.21-26.01.23 (퇴직연금 지급액: 22,440,402원) | J30: 2026-01-30 | O30: 승인 | Q30: 46052 | R30: 20260130R0081 | S30: 김규리 | T30: 결의전표 | U30: 당기 | V30: 000R0071 | W30: 원지영
A31: 46080 | B31: R0082 | C31: 인사팀 | D31: 이시현 | E31: 퇴직급여충당금 | F31: 차변 | G31: 7344397 | H31: 0 | I31: 225013 제품파트_이정화/2023.12.04-26.02.23 (퇴직연금 지급액: 7,344,397원) | J31: 2026-02-27 | O31: 승인 | Q31: 46080 | R31: 20260227R0075 | S31: 김규리 | T31: 결의전표 | U31: 당기 | V31: 000R0082 | W31: 이정화
A32: 46080 | B32: R0082 | C32: 인사팀 | D32: 이시현 | E32: 퇴직급여충당금 | F32: 차변 | G32: 91032002 | H32: 0 | I32: 225013 포장파트_이현순/입사일1999.12.06_기산일2004-01-01-26.02.20 (퇴직연금 지급액: 91,032,002원) | J32: 2026-02-27 | O32: 승인 | Q32: 46080 | R32: 20260227R0075 | S32: 김규리 | T32: 결의전표 | U32: 당기 | V32: 000R0082 | W32: 이현순
A33: 46080 | B33: R0082 | C33: 인사팀 | D33: 이시현 | E33: 퇴직급여충당금 | F33: 차변 | G33: 78719570 | H33: 0 | I33: 225013 포장파트_김수현/입사일2001.04.09_기산일2006-11-01-26.02.27 (퇴직연금 지급액: 78,719,570원) | J33: 2026-02-27 | O33: 승인 | Q33: 46080 | R33: 20260227R0075 | S33: 김규리 | T33: 결의전표 | U33: 당기 | V33: 000R0082 | W33: 김수현
A34: 46112 | B34: R0167 | C34: 인사팀 | D34: 이시현 | E34: 퇴직급여충당금 | F34: 차변 | G34: 5666281 | H34: 0 | I34: 225013 의약사업마케팅팀_윤지현/24.08.26-26.03.31(퇴직연금 지급액:5,666,281원) | J34: 2026-03-31 | O34: 승인 | Q34: 46112 | R34: 20260331R0215 | S34: 박재윤 | T34: 결의전표 | U34: 당기 | V34: 000R0167 | W34: 윤지현
A35: 46112 | B35: R0167 | C35: 인사팀 | D35: 이시현 | E35: 퇴직급여충당금 | F35: 차변 | G35: 10521212 | H35: 0 | I35: 225013 감사팀_홍지훈/22.12.05-26.03.22 (퇴직연금 지급액:10,521,212원) | J35: 2026-03-31 | O35: 승인 | Q35: 46112 | R35: 20260331R0215 | S35: 박재윤 | T35: 결의전표 | U35: 당기 | V35: 000R0167 | W35: 홍지훈
A36: 46112 | B36: R0167 | C36: 인사팀 | D36: 이시현 | E36: 퇴직급여충당금 | F36: 차변 | G36: 18037825 | H36: 0 | I36: 225013 남부지점_김하성/22.03.02-26.03.06 (퇴직연금 지급액:18,037,825원) | J36: 2026-03-31 | O36: 승인 | Q36: 46112 | R36: 20260331R0215 | S36: 박재윤 | T36: 결의전표 | U36: 당기 | V36: 000R0167 | W36: 김하성
A37: 46112 | B37: R0167 | C37: 인사팀 | D37: 이시현 | E37: 퇴직급여충당금 | F37: 차변 | G37: 13972602 | H37: 0 | I37: 225013 대표이사_조정영/24.05.21-26.03.26(기산일 24.05.21-26.03.31)_퇴직연금지급액 : 13,972,602원 | J37: 2026-03-31 | O37: 승인 | Q37: 46112 | R37: 20260331R0215 | S37: 박재윤 | T37: 결의전표 | U37: 당기 | V37: 000R0167 | W37: 조정영
A38: 46142 | B38: R0131 | C38: 인사팀 | D38: 이시현 | E38: 퇴직급여충당금 | F38: 차변 | G38: 33826468 | H38: 0 | I38: 225013 관리파트_김정아/2018.04.02-26.04.10 (퇴직연금 지급액: 33,826,468원) | J38: 2026-04-30 | O38: 승인 | Q38: 46142 | R38: 20260430R0127 | S38: 김규리 | T38: 결의전표 | U38: 당기 | V38: 000R0131 | W38: 김정아
A39: 46171 | B39: R0069 | C39: 인사팀 | D39: 이시현 | E39: 퇴직급여충당금 | F39: 차변 | G39: 17854308 | H39: 0 | I39: 225013 상품기획마케팅팀_박설/21.04.01-26.05.22_퇴직연금지급액 : 17,854,308원 | J39: 2026-05-29 | O39: 승인 | Q39: 46171 | R39: 20260529R0071 | S39: 김규리 | T39: 결의전표 | U39: 당기 | V39: 000R0069 | W39: 박설
A40: 46171 | B40: R0070 | C40: 인사팀 | D40: 이시현 | E40: 퇴직급여충당금 | F40: 차변 | G40: 4420886 | H40: 0 | I40: 225013 제조2파트_맹조열/2024.09.02-26.05.08 (퇴직연금 지급액: 4,420,886원) | J40: 2026-05-29 | O40: 승인 | Q40: 46171 | R40: 20260529R0070 | S40: 김규리 | T40: 결의전표 | U40: 당기 | V40: 000R0070 | W40: 맹조열
... A45: 46203 | B45: R0251 | C45: 인사팀 | D45: 이시현 | E45: 퇴직급여충당금 | F45: 차변 | G45: 9713985 | H45: 0 | I45: 225013 마케팅개발본부_이성우/2025.03.10－2026.06.30（퇴직연금지급액 : 9,713,985원） | J45: 2026-06-30 | O45: 승인 | Q45: 46203 | R45: 20260630R0643 | S45: 서정아 | T45: 결의전표 | U45: 당기 | V45: 000R0251 | W45: 이성우
G47: =SUM(G29:G46) -> 707565318
G49: =G47='5400_퇴직급여부채'!D12 -> TRUE

Sheet 5400_퇴직연금예치금_증감
A2: =기본사항!C8 -> 주식회사 경남제약 | G2: 조서No. 5401
A3: 퇴직급여부채 및 급여
A4: 퇴직연금예치금의 증감
A7: 퇴직연금예치금의 증가>
A8: 전표일자 | B8: 전표번호 | C8: 부서 | D8: 사원명 | E8: 계정명 | F8: 차대구분 | G8: 차변 | H8: 대변 | I8: 적요 | J8: 승인요청일 | K8: 지급요청일 | L8: 반제일자 | M8: 거래처 | N8: 거래처명 | O8: 전표상태 | P8: 처리사유 | Q8: 등록일자 | R8: 회계번호 | S8: 승인자 | T8: 전표유형 | U8: 구분 | V8: PK
A9: 46112 | B9: A0012 | C9: 재무팀 | D9: 서정아 | E9: 퇴직연금예치금 | F9: 차변 | G9: 69407 | H9: 0 | I9: 225013 2026_03M 퇴직연금예치금 평가(국민은행 평가보고서 기말잔액 운용수익조정) | O9: 승인 | Q9: 46112 | R9: 20260331A0012 | T9: 경리전표 | U9: 당기 | V9: 000A0012
A10: 46112 | B10: A0012 | C10: 재무팀 | D10: 서정아 | E10: 퇴직연금예치금 | F10: 차변 | G10: 45378387 | H10: 0 | I10: 225013 2026_03M 퇴직연금예치금 평가(신한) | O10: 승인 | Q10: 46112 | R10: 20260331A0012 | T10: 경리전표 | U10: 당기 | V10: 000A0012
A11: 46112 | B11: A0012 | C11: 재무팀 | D11: 서정아 | E11: 퇴직연금예치금 | F11: 차변 | G11: 1507047 | H11: 0 | I11: 225013 2026_03M 퇴직연금예치금 평가(국민) | O11: 승인 | Q11: 46112 | R11: 20260331A0012 | T11: 경리전표 | U11: 당기 | V11: 000A0012
A12: 46203 | B12: A0018 | C12: 재무팀 | D12: 서정아 | E12: 퇴직연금예치금 | F12: 차변 | G12: 919863 | H12: 0 | I12: 225013 2026_06M 퇴직연금예치금 평가(국민) | O12: 승인 | Q12: 46203 | R12: 20260630A0018 | T12: 경리전표 | U12: 당기 | V12: 000A0018
A13: 46203 | B13: A0018 | C13: 재무팀 | D13: 서정아 | E13: 퇴직연금예치금 | F13: 차변 | G13: 7591277215 | H13: 0 | I13: 225013 퇴직연금예치금 이관(신한->하나) | O13: 승인 | Q13: 46203 | R13: 20260630A0018 | T13: 경리전표 | U13: 당기 | V13: 000A0018
A14: 46203 | B14: A0018 | C14: 재무팀 | D14: 서정아 | E14: 퇴직연금예치금 | F14: 차변 | G14: 44280225 | H14: 0 | I14: 225013 2026_06M 퇴직연금예치금 평가(신한) | O14: 승인 | Q14: 46203 | R14: 20260630A0018 | T14: 경리전표 | U14: 당기 | V14: 000A0018
A15: 46203 | B15: A0018 | C15: 재무팀 | D15: 서정아 | E15: 퇴직연금예치금 | F15: 차변 | G15: 572280 | H15: 0 | I15: 225013 2026_06M 퇴직연금예치금 평가(하나) | O15: 승인 | Q15: 46203 | R15: 20260630A0018 | T15: 경리전표 | U15: 당기 | V15: 000A0018
A16: 46203 | B16: A0019 | C16: 재무팀 | D16: 서정아 | E16: 퇴직연금예치금 | F16: 차변 | G16: -69407 | H16: 0 | I16: 225013 2026_06M 퇴직연금예치금 평가(국민은행 평가보고서 기말잔액 운용수익조정) | O16: 승인 | Q16: 46203 | R16: 20260630A0019 | T16: 경리전표 | U16: 당기 | V16: 000A0019
G19: =SUM(G9:G18) -> 7683935017
A21: 퇴직연금예치금의 감소>
A22: 전표일자 | B22: 전표번호 | C22: 부서 | D22: 사원명 | E22: 계정명 | F22: 차대구분 | G22: 차변 | H22: 대변 | I22: 적요 | J22: 승인요청일 | K22: 지급요청일 | L22: 반제일자 | M22: 거래처 | N22: 거래처명 | O22: 전표상태 | P22: 처리사유 | Q22: 등록일자 | R22: 회계번호 | S22: 승인자 | T22: 전표유형 | U22: 구분 | V22: PK
A23: 46041 | B23: A0003 | C23: 재무팀 | D23: 김규리 | E23: 퇴직연금예치금 | F23: 대변 | G23: 0 | H23: 7871883 | I23: 225013 제품파트_안은지/ 23.04.03-25.12.01 (퇴직연금 지급액: 8,114,190원)/신한은행 | O23: 승인 | Q23: 46041 | R23: 20260119A0003 | T23: 경리전표 | U23: 당기 | V23: 000A0003 | W23: 안은지
A24: 46041 | B24: A0003 | C24: 재무팀 | D24: 김규리 | E24: 퇴직연금예치금 | F24: 대변 | G24: 0 | H24: 3507669 | I24: 225013 생산관리파트_이영선/24.08.20-25.12.31 (퇴직연금 지급액: 3,691,240 원)/신한은행 | O24: 승인 | Q24: 46041 | R24: 20260119A0003 | T24: 경리전표 | U24: 당기 | V24: 000A0003 | W24: 이영선
A25: 46041 | B25: A0003 | C25: 재무팀 | D25: 김규리 | E25: 퇴직연금예치금 | F25: 대변 | G25: 0 | H25: 4455841 | I25: 225013 운영파트_김유진/24.06.24-25.12.31 (퇴직연금 지급액: 4,631,600 원)/신한은행 | O25: 승인 | Q25: 46041 | R25: 20260119A0003 | T25: 경리전표 | U25: 당기 | V25: 000A0003 | W25: 김유진
A26: 46041 | B26: A0003 | C26: 재무팀 | D26: 김규리 | E26: 퇴직연금예치금 | F26: 대변 | G26: 0 | H26: 3869033 | I26: 225013 제품파트_윤하원/24.07.01-25.12.15 (퇴직연금 지급액: 3,983,700 원) | O26: 승인 | Q26: 46041 | R26: 20260119A0003 | T26: 경리전표 | U26: 당기 | V26: 000A0003 | W26: 윤하원
A27: 46041 | B27: A0003 | C27: 재무팀 | D27: 김규리 | E27: 퇴직연금예치금 | F27: 대변 | G27: 0 | H27: 16627468 | I27: 225013 제품파트_김성주/21.01.11-25.12.05 (퇴직연금 지급액: 17,134,130 원) | O27: 승인 | Q27: 46041 | R27: 20260119A0003 | T27: 경리전표 | U27: 당기 | V27: 000A0003 | W27: 김성주
A28: 46041 | B28: A0003 | C28: 재무팀 | D28: 김규리 | E28: 퇴직연금예치금 | F28: 대변 | G28: 0 | H28: 11713920 | I28: 225013 원료파트_황진석/22.02.21-25.12.31(퇴진연금 지급액 : 12,066,050원)/202601-인사팀-31 | O28: 승인 | Q28: 46041 | R28: 20260119A0003 | T28: 경리전표 | U28: 당기 | V28: 000A0003 | W28: 황진석
A29: 46042 | B29: A0003 | C29: 재무팀 | D29: 김규리 | E29: 퇴직연금예치금 | F29: 대변 | G29: 0 | H29: 114667 | I29: 225013 제품파트_윤하원/24.07.01-25.12.15 (퇴직연금 지급액: 3,983,700 원) | O29: 승인 | Q29: 46042 | R29: 20260120A0003 | T29: 경리전표 | U29: 당기 | V29: 000A0003 | W29: 윤하원
A30: 46042 | B30: A0003 | C30: 재무팀 | D30: 김규리 | E30: 퇴직연금예치금 | F30: 대변 | G30: 0 | H30: 103599 | I30: 225013 생산관리파트_이영선/24.08.20-25.12.31 (퇴직연금 지급액: 3,691,240 원) | O30: 승인 | Q30: 46042 | R30: 20260120A0003 | T30: 경리전표 | U30: 당기 | V30: 000A0003 | W30: 이영선
A31: 46042 | B31: A0003 | C31: 재무팀 | D31: 김규리 | E31: 퇴직연금예치금 | F31: 대변 | G31: 0 | H31: 506662 | I31: 225013 제품파트_김성주/21.01.11-25.12.05 (퇴직연금 지급액: 17,134,130 원) | O31: 승인 | Q31: 46042 | R31: 20260120A0003 | T31: 경리전표 | U31: 당기 | V31: 000A0003 | W31: 김성주
A32: 46042 | B32: A0003 | C32: 재무팀 | D32: 김규리 | E32: 퇴직연금예치금 | F32: 대변 | G32: 0 | H32: 131603 | I32: 225013 운영파트_김유진/24.06.24-25.12.31 (퇴직연금 지급액: 4,631,600 원) | O32: 승인 | Q32: 46042 | R32: 20260120A0003 | T32: 경리전표 | U32: 당기 | V32: 000A0003 | W32: 김유진
A33: 46043 | B33: A0002 | C33: 재무팀 | D33: 김규리 | E33: 퇴직연금예치금 | F33: 대변 | G33: 0 | H33: 352130 | I33: 225013 원료파트_황진석/22.02.21-25.12.31(퇴진연금 지급액 : 12,066,050원)/202601-인사팀-31 | O33: 승인 | Q33: 46043 | R33: 20260121A0002 | T33: 경리전표 | U33: 당기 | V33: 000A0002 | W33: 황진석
A34: 46043 | B34: A0002 | C34: 재무팀 | D34: 김규리 | E34: 퇴직연금예치금 | F34: 대변 | G34: 0 | H34: 242307 | I34: 225013 제품파트_안은지/ 23.04.03-25.12.01 (퇴직연금 지급액: 8,114,190원) | O34: 승인 | Q34: 46043 | R34: 20260121A0002 | T34: 경리전표 | U34: 당기 | V34: 000A0002 | W34: 안은지
... A59: 46203 | B59: A0018 | C59: 재무팀 | D59: 서정아 | E59: 퇴직연금예치금 | F59: 대변 | G59: 0 | H59: 7591277215 | I59: 225013 퇴직연금예치금 이관(신한->하나) | O59: 승인 | Q59: 46203 | R59: 20260630A0018 | T59: 경리전표 | U59: 당기 | V59: 000A0018 | W59: 이관

Sheet 5400_퇴사자
A2: =기본사항!C8 -> 주식회사 경남제약 | G2: 조서No. 5401
A3: 퇴직급여부채 및 급여
A4: 퇴직연금예치금의 증감
A9: 퇴사자명 | B9: 퇴직연금지급액계 | C9: 퇴충감소액 | D9: 회사부담액 | E9: 비고
A10: 안은지 | B10: =SUMIF('5400_퇴직연금예치금_증감'!$W$23:$W$60,A10,'5400_퇴직연금예치금_증감'!$H$23:$H$66) -> 8114190 | C10: =SUMIF('5400_퇴직급여충당부채_증감'!$W$29:$W$48,A10,'5400_퇴직급여충당부채_증감'!$G$29:$G$46) -> 0 | D10: =C10-B10 -> -8114190 | E10: 전기말 퇴사후 당기초에 퇴직연금지급
A11: 이영선 | B11: =SUMIF('5400_퇴직연금예치금_증감'!$W$23:$W$60,A11,'5400_퇴직연금예치금_증감'!$H$23:$H$66) -> 3611268 | C11: =SUMIF('5400_퇴직급여충당부채_증감'!$W$29:$W$48,A11,'5400_퇴직급여충당부채_증감'!$G$29:$G$46) -> 0 | D11: =C11-B11 -> -3611268 | E11: 전기말 퇴사후 당기초에 퇴직연금지급
A12: 김유진 | B12: =SUMIF('5400_퇴직연금예치금_증감'!$W$23:$W$60,A12,'5400_퇴직연금예치금_증감'!$H$23:$H$66) -> 4587444 | C12: =SUMIF('5400_퇴직급여충당부채_증감'!$W$29:$W$48,A12,'5400_퇴직급여충당부채_증감'!$G$29:$G$46) -> 0 | D12: =C12-B12 -> -4587444 | E12: 전기말 퇴사후 당기초에 퇴직연금지급
A13: 윤하원 | B13: =SUMIF('5400_퇴직연금예치금_증감'!$W$23:$W$60,A13,'5400_퇴직연금예치금_증감'!$H$23:$H$66) -> 3983700 | C13: =SUMIF('5400_퇴직급여충당부채_증감'!$W$29:$W$48,A13,'5400_퇴직급여충당부채_증감'!$G$29:$G$46) -> 0 | D13: =C13-B13 -> -3983700 | E13: 전기말 퇴사후 당기초에 퇴직연금지급
A14: 김성주 | B14: =SUMIF('5400_퇴직연금예치금_증감'!$W$23:$W$60,A14,'5400_퇴직연금예치금_증감'!$H$23:$H$66) -> 17134130 | C14: =SUMIF('5400_퇴직급여충당부채_증감'!$W$29:$W$48,A14,'5400_퇴직급여충당부채_증감'!$G$29:$G$46) -> 0 | D14: =C14-B14 -> -17134130 | E14: 전기말 퇴사후 당기초에 퇴직연금지급
A15: 황진석 | B15: =SUMIF('5400_퇴직연금예치금_증감'!$W$23:$W$60,A15,'5400_퇴직연금예치금_증감'!$H$23:$H$66) -> 12066050 | C15: =SUMIF('5400_퇴직급여충당부채_증감'!$W$29:$W$48,A15,'5400_퇴직급여충당부채_증감'!$G$29:$G$46) -> 0 | D15: =C15-B15 -> -12066050 | E15: 전기말 퇴사후 당기초에 퇴직연금지급
A16: 원지영 | B16: =SUMIF('5400_퇴직연금예치금_증감'!$W$23:$W$60,A16,'5400_퇴직연금예치금_증감'!$H$23:$H$66) -> 22440402 | C16: =SUMIF('5400_퇴직급여충당부채_증감'!$W$29:$W$48,A16,'5400_퇴직급여충당부채_증감'!$G$29:$G$46) -> 22440402 | D16: =C16-B16 -> 0
A17: 여성재 | B17: =SUMIF('5400_퇴직연금예치금_증감'!$W$23:$W$60,A17,'5400_퇴직연금예치금_증감'!$H$23:$H$66) -> 11590119 | C17: =SUMIF('5400_퇴직급여충당부채_증감'!$W$29:$W$48,A17,'5400_퇴직급여충당부채_증감'!$G$29:$G$46) -> 12102046 | D17: =C17-B17 -> 511927
A18: 이정화 | B18: =SUMIF('5400_퇴직연금예치금_증감'!$W$23:$W$60,A18,'5400_퇴직연금예치금_증감'!$H$23:$H$66) -> 6644337 | C18: =SUMIF('5400_퇴직급여충당부채_증감'!$W$29:$W$48,A18,'5400_퇴직급여충당부채_증감'!$G$29:$G$46) -> 7344397 | D18: =C18-B18 -> 700060
A19: 김수현 | B19: =SUMIF('5400_퇴직연금예치금_증감'!$W$23:$W$60,A19,'5400_퇴직연금예치금_증감'!$H$23:$H$66) -> 72045212 | C19: =SUMIF('5400_퇴직급여충당부채_증감'!$W$29:$W$48,A19,'5400_퇴직급여충당부채_증감'!$G$29:$G$46) -> 78719570 | D19: =C19-B19 -> 6674358
A20: 이현순 | B20: =SUMIF('5400_퇴직연금예치금_증감'!$W$23:$W$60,A20,'5400_퇴직연금예치금_증감'!$H$23:$H$66) -> 84945520 | C20: =SUMIF('5400_퇴직급여충당부채_증감'!$W$29:$W$48,A20,'5400_퇴직급여충당부채_증감'!$G$29:$G$46) -> 91032002 | D20: =C20-B20 -> 6086482
A21: 홍지훈 | B21: =SUMIF('5400_퇴직연금예치금_증감'!$W$23:$W$60,A21,'5400_퇴직연금예치금_증감'!$H$23:$H$66) -> 9783217 | C21: =SUMIF('5400_퇴직급여충당부채_증감'!$W$29:$W$48,A21,'5400_퇴직급여충당부채_증감'!$G$29:$G$46) -> 10521212 | D21: =C21-B21 -> 737995
A22: 윤지현 | B22: =SUMIF('5400_퇴직연금예치금_증감'!$W$23:$W$60,A22,'5400_퇴직연금예치금_증감'!$H$23:$H$66) -> 4780414 | C22: =SUMIF('5400_퇴직급여충당부채_증감'!$W$29:$W$48,A22,'5400_퇴직급여충당부채_증감'!$G$29:$G$46) -> 5666281 | D22: =C22-B22 -> 885867
A23: 조정영 | B23: =SUMIF('5400_퇴직연금예치금_증감'!$W$23:$W$60,A23,'5400_퇴직연금예치금_증감'!$H$23:$H$66) -> 12098748 | C23: =SUMIF('5400_퇴직급여충당부채_증감'!$W$29:$W$48,A23,'5400_퇴직급여충당부채_증감'!$G$29:$G$46) -> 13972602 | D23: =C23-B23 -> 1873854
A24: 김하성 | B24: =SUMIF('5400_퇴직연금예치금_증감'!$W$23:$W$60,A24,'5400_퇴직연금예치금_증감'!$H$23:$H$66) -> 16778567 | C24: =SUMIF('5400_퇴직급여충당부채_증감'!$W$29:$W$48,A24,'5400_퇴직급여충당부채_증감'!$G$29:$G$46) -> 18037825 | D24: =C24-B24 -> 1259258
A25: 김정아 | B25: =SUMIF('5400_퇴직연금예치금_증감'!$W$23:$W$60,A25,'5400_퇴직연금예치금_증감'!$H$23:$H$66) -> 32813896 | C25: =SUMIF('5400_퇴직급여충당부채_증감'!$W$29:$W$48,A25,'5400_퇴직급여충당부채_증감'!$G$29:$G$46) -> 33826468 | D25: =C25-B25 -> 1012572
A26: 맹조열 | B26: =SUMIF('5400_퇴직연금예치금_증감'!$W$23:$W$60,A26,'5400_퇴직연금예치금_증감'!$H$23:$H$66) -> 3657339 | C26: =SUMIF('5400_퇴직급여충당부채_증감'!$W$29:$W$48,A26,'5400_퇴직급여충당부채_증감'!$G$29:$G$46) -> 4420886 | D26: =C26-B26 -> 763547
A27: 박설 | B27: =SUMIF('5400_퇴직연금예치금_증감'!$W$23:$W$60,A27,'5400_퇴직연금예치금_증감'!$H$23:$H$66) -> 17177644 | C27: =SUMIF('5400_퇴직급여충당부채_증감'!$W$29:$W$48,A27,'5400_퇴직급여충당부채_증감'!$G$29:$G$46) -> 17854308 | D27: =C27-B27 -> 676664
A28: 구재연 | B28: =SUMIF('5400_퇴직연금예치금_증감'!$W$23:$W$60,A28,'5400_퇴직연금예치금_증감'!$H$23:$H$66) -> 0 | C28: =SUMIF('5400_퇴직급여충당부채_증감'!$W$29:$W$48,A28,'5400_퇴직급여충당부채_증감'!$G$29:$G$46) -> 174420857 | D28: =C28-B28 -> 174420857 | E28: 당반기말 퇴사후 퇴직연금 미지급
A29: 김성용 | B29: =SUMIF('5400_퇴직연금예치금_증감'!$W$23:$W$60,A29,'5400_퇴직연금예치금_증감'!$H$23:$H$66) -> 0 | C29: =SUMIF('5400_퇴직급여충당부채_증감'!$W$29:$W$48,A29,'5400_퇴직급여충당부채_증감'!$G$29:$G$46) -> 19495754 | D29: =C29-B29 -> 19495754 | E29: 당반기말 퇴사후 퇴직연금 미지급
A30: 김종일 | B30: =SUMIF('5400_퇴직연금예치금_증감'!$W$23:$W$60,A30,'5400_퇴직연금예치금_증감'!$H$23:$H$66) -> 0 | C30: =SUMIF('5400_퇴직급여충당부채_증감'!$W$29:$W$48,A30,'5400_퇴직급여충당부채_증감'!$G$29:$G$46) -> 25310978 | D30: =C30-B30 -> 25310978 | E30: 당반기말 퇴사후 퇴직연금 미지급
A31: 신갑영 | B31: =SUMIF('5400_퇴직연금예치금_증감'!$W$23:$W$60,A31,'5400_퇴직연금예치금_증감'!$H$23:$H$66) -> 0 | C31: =SUMIF('5400_퇴직급여충당부채_증감'!$W$29:$W$48,A31,'5400_퇴직급여충당부채_증감'!$G$29:$G$46) -> 162685745 | D31: =C31-B31 -> 162685745 | E31: 당반기말 퇴사후 퇴직연금 미지급
A32: 이성우 | B32: =SUMIF('5400_퇴직연금예치금_증감'!$W$23:$W$60,A32,'5400_퇴직연금예치금_증감'!$H$23:$H$66) -> 0 | C32: =SUMIF('5400_퇴직급여충당부채_증감'!$W$29:$W$48,A32,'5400_퇴직급여충당부채_증감'!$G$29:$G$46) -> 9713985 | D32: =C32-B32 -> 9713985 | E32: 당반기말 퇴사후 퇴직연금 미지급
B35: =SUM(B10:B33) -> 344252197 | C35: =SUM(C10:C33) -> 707565318 | D35: =SUM(D10:D33) -> 363313121
A37: 차이 | B37: =B35='5400_퇴직급여_분석적검토'!K27 -> TRUE | C37: =C35-'5400_퇴직급여_분석적검토'!H27 -> 1444800 | E37: 국민연금 전환금 지급액
B39: 당반기말 미지급금(사원) 계상내역>
B40: 적요 | C40: 금액 | D40: 차이
B41: 225028 di팀_김성용/2021.04.05-2026.06.19(퇴직연금 지급액: 19,495,754원) | C41: 19495754 | D41: =C41-D29 -> 0
B42: 225028 포장파트_김종일/2021.05.10-2026.06.30(퇴직연금 지급액 : 25,310,978원) | C42: 25310978 | D42: =C42-D30 -> 0
B43: 225028 물류파트_신갑영／입사일1989.04.27_기산일1997.10.01－2026.06.30(퇴직연금 지급액 : 162,685,745원） | C43: 161949545 | D43: =C43-D31 -> -736200 | E43: 국민연금전환금 지급액
B44: 225028 물류파트_구재연／입사일1983.02.21_기산일1997.11.01－2026.06.30（퇴직연금 지급액 : 174,420,857원)/202607-인사팀-24 | C44: 173712257 | D44: =C44-D28 -> -708600 | E44: 국민연금전환금 지급액
B45: 225028 마케팅개발본부_이성우/2025.03.10－2026.06.30（퇴직연금지급액 : 9,713,985원）202607-인사팀-24 | C45: 9713985 | D45: =C45-D32 -> 0
C46: =SUM(C41:C45) -> 390182519 | D46: =SUM(D41:D45) -> -1444800

Sheet 5400_급여
A2: =기본사항!C8 -> 주식회사 경남제약 | G2: 조서No. 5401
A3: 퇴직급여부채 및 급여
A4: 급여
A8: 월별 급여 | B8: 계정명
A9: 월 | B9: 급료와임금_급여(판관) | C9: 급료와임금_연차수당(판관) | D9: 상여금_인센티브(판관) | E9: 급여 급료 (제조) | F9: 급여 급료(제조)의령 | G9: 급여_기타(제조) | H9: 급여_연월차(제조) | I9: 상여금(제조)
A10: 1월 | B10: 509690458 | C10: 2144809 | D10: 73425180 | E10: 364601641 | F10: 48509604 | G10: 0 | H10: 19511550 | I10: 0
A11: 2월 | B11: 508766673 | C11: 0 | D11: 22462240 | E11: 378536776 | F11: 48359604 | G11: 0 | H11: 7756190 | I11: 28782440
A12: 3월 | B12: 506508687 | C12: 3821347 | D12: 60129980 | E12: 129544578 | F12: -18981552 | G12: -2557456 | H12: -4612540 | I12: 0
A13: 4월 | B13: 533203467 | C13: -214444 | D13: 35453180 | E13: 300177459 | F13: 26015532 | G13: 0 | H13: 0 | I13: 0
A14: 5월 | B14: 536561601 | C14: 0 | D14: 16118180 | E14: 294678787 | F14: 25962552 | G14: 0 | H14: 801196 | I14: 0
A15: 6월 | B15: 539710587 | C15: 102116 | D15: 79583000 | E15: 306280376 | F15: 25962552 | G15: -3871636 | H15: 20111115 | I15: 0
A16: 7월 | B16: 0 | C16: 0 | D16: 0 | E16: 0 | F16: 0 | G16: 0 | H16: 0 | I16: 0
A17: 8월 | B17: 0 | C17: 0 | D17: 0 | E17: 0 | F17: 0 | G17: 0 | H17: 0 | I17: 0
A18: 9월 | B18: 0 | C18: 0 | D18: 0 | E18: 0 | F18: 0 | G18: 0 | H18: 0 | I18: 0
A19: 10월 | B19: 0 | C19: 0 | D19: 0 | E19: 0 | F19: 0 | G19: 0 | H19: 0 | I19: 0
A20: 11월 | B20: 0 | C20: 0 | D20: 0 | E20: 0 | F20: 0 | G20: 0 | H20: 0 | I20: 0
A21: 12월 | B21: 0 | C21: 0 | D21: 0 | E21: 0 | F21: 0 | G21: 0 | H21: 0 | I21: 0
B22: =SUM(B10:B21) -> 3134441473 | C22: =SUM(C10:C21) -> 5853828 | D22: =SUM(D10:D21) -> 287171760 | E22: =SUM(E10:E21) -> 1773819617 | F22: =SUM(F10:F21) -> 155828292 | G22: =SUM(G10:G21) -> -6429092 | H22: =SUM(H10:H21) -> 43567511 | I22: =SUM(I10:I21) -> 28782440
A25: PER BOOK | B25: =SUMIF(데이터개요_계정별!$A$2:$A$400,'5400_급여'!B9,데이터개요_계정별!$C$2:$C$300) -> 3134441473 | C25: =SUMIF(데이터개요_계정별!$A$2:$A$400,'5400_급여'!C9,데이터개요_계정별!$C$2:$C$300) -> 5853828 | D25: =SUMIF(데이터개요_계정별!$A$2:$A$400,'5400_급여'!D9,데이터개요_계정별!$C$2:$C$300) -> 287171760 | E25: =SUMIF(데이터개요_계정별!$A$2:$A$400,'5400_급여'!E9,데이터개요_계정별!$C$2:$C$300) -> 1773819617 | F25: =SUMIF(데이터개요_계정별!$A$2:$A$400,'5400_급여'!F9,데이터개요_계정별!$C$2:$C$300) -> 155828292 | G25: =SUMIF(데이터개요_계정별!$A$2:$A$400,'5400_급여'!G9,데이터개요_계정별!$C$2:$C$300) -> -6429092 | H25: =SUMIF(데이터개요_계정별!$A$2:$A$400,'5400_급여'!H9,데이터개요_계정별!$C$2:$C$300) -> 43567511 | I25: =SUMIF(데이터개요_계정별!$A$2:$A$400,'5400_급여'!I9,데이터개요_계정별!$C$2:$C$300) -> 28782440
A26: DIFFER | B26: =B25-B22 -> 0 | C26: =C25-C22 -> 0 | D26: =D25-D22 -> 0 | E26: =E25-E22 -> 0 | F26: =F25-F22 -> 0 | G26: =G25-G22 -> 0 | H26: =H25-H22 -> 0 | I26: =I25-I22 -> 0
A28: 급여대장 및 원전징수이행상황신고서와 대사
A29: 월 | B29: 판관비 | C29: 제조원가 | D29: 합계 | E29: 급여대장 | F29: 차이 | G29: 원천징수이행상황신고서 | H29: 급여대장과의 차이
A30: 1월 | B30: =SUM(B10:D10) -> 585260447 | C30: =SUM(E10:I10) -> 432622795 | D30: =SUM(B30:C30) -> 1017883242 | E30: 965408062 | F30: =E30-D30 -> -52475180 | G30: 965408062 | H30: =G30-E30 -> 0
A31: 2월 | B31: =SUM(B11:D11) -> 531228913 | C31: =SUM(E11:I11) -> 463435010 | D31: =SUM(B31:C31) -> 994663923 | E31: 1053459303 | F31: =E31-D31 -> 58795380 | G31: 1053459303 | H31: =G31-E31 -> 0
A32: 3월 | B32: =SUM(B12:D12) -> 570460014 | C32: =SUM(E12:I12) -> 103393030 | D32: =SUM(B32:C32) -> 673853044 | E32: 958429214 | F32: =E32-D32 -> 284576170 | G32: 958429214 | H32: =G32-E32 -> 0
A33: 4월 | B33: =SUM(B13:D13) -> 568442203 | C33: =SUM(E13:I13) -> 326192991 | D33: =SUM(B33:C33) -> 894635194 | E33: 1037394751 | F33: =E33-D33 -> 142759557 | G33: 1037394751 | H33: =G33-E33 -> 0
A34: 5월 | B34: =SUM(B14:D14) -> 552679781 | C34: =SUM(E14:I14) -> 321442535 | D34: =SUM(B34:C34) -> 874122316 | E34: 1001775054 | F34: =E34-D34 -> 127652738 | G34: 1001775054 | H34: =G34-E34 -> 0
A35: 6월 | B35: =SUM(B15:D15) -> 619395703 | C35: =SUM(E15:I15) -> 348482407 | D35: =SUM(B35:C35) -> 967878110 | E35: 1051390364 | F35: =E35-D35 -> 83512254 | G35: 1051390364 | H35: =G35-E35 -> 0
A36: 7월 | B36: =SUM(B16:D16) -> 0 | C36: =SUM(E16:I16) -> 0 | D36: =SUM(B36:C36) -> 0 | F36: =E36-D36 -> 0
A37: 8월 | B37: =SUM(B17:D17) -> 0 | C37: =SUM(E17:I17) -> 0 | D37: =SUM(B37:C37) -> 0 | F37: =E37-D37 -> 0
A38: 9월 | B38: =SUM(B18:D18) -> 0 | C38: =SUM(E18:I18) -> 0 | D38: =SUM(B38:C38) -> 0 | F38: =E38-D38 -> 0
A39: 10월 | B39: =SUM(B19:D19) -> 0 | C39: =SUM(E19:I19) -> 0 | D39: =SUM(B39:C39) -> 0 | F39: =E39-D39 -> 0
A40: 11월 | B40: =SUM(B20:D20) -> 0 | C40: =SUM(E20:I20) -> 0 | D40: =SUM(B40:C40) -> 0 | F40: =E40-D40 -> 0
A41: 12월 | B41: =SUM(B21:D21) -> 0 | C41: =SUM(E21:I21) -> 0 | D41: =SUM(B41:C41) -> 0 | F41: =E41-D41 -> 0
F42: =E42-D42 -> 0
B43: =SUM(B30:B41) -> 3427467061 | C43: =SUM(C30:C41) -> 1995568768 | D43: =SUM(D30:D41) -> 5423035829 | E43: =SUM(E30:E41) -> 6067856748 | F43: =SUM(F30:F41) -> 644820919 | G43: =SUM(G30:G41) -> 6067856748 | H43: =SUM(H30:H42) -> 0
A45: 회계장부와 급여대장 차이 분석
B46: 경상연구개발비대체 | F46: 인센티브 1) | G46: 상품권지급액 | H46: 아산공장 설상여 | I46: 합계 | J46: 차이2
B47: 급여 급료 (제조) | C47: 급여 급료(제조)의령 | D47: 급여_연월차(제조) | E47: 급여_기타(제조)
A48: 1월 | E48: =-G10 -> 0 | F48: -52475180 | I48: =SUM(B48:H48) -> -52475180 | J48: =I48-F30 -> 0
A49: 2월 | E49: =-G11 -> 0 | F49: 30012940 | H49: 28782440 | I49: =SUM(B49:H49) -> 58795380 | J49: =I49-F31 -> 0
A50: 3월 | B50: 243259248 | C50: 67814666 | D50: 4612540 | E50: =-G12 -> 2557456 | F50: -37667740 | G50: 4000000 | I50: =SUM(B50:H50) -> 284576170 | J50: =I50-F32 -> 0
A51: 4월 | B51: 85394069 | C51: 22491252 | D51: 897436 | E51: =-G13 -> 0 | F51: 24676800 | G51: 9300000 | I51: =SUM(B51:H51) -> 142759557 | J51: =I51-F33 -> 0
A52: 5월 | B52: 85770686 | C52: 22547052 | E52: =-G14 -> 0 | F52: 19335000 | I52: =SUM(B52:H52) -> 127652738 | J52: =I52-F34 -> 0
A53: 6월 | B53: 88008386 | C53: 22547052 | E53: =-G15 -> 3871636 | F53: -63464820 | G53: 32549998 | I53: =SUM(B53:H53) -> 83512252 | J53: =I53-F35 -> -2
A54: 7월 | E54: =-G16 -> 0 | I54: =SUM(B54:H54) -> 0
A55: 8월 | E55: =-G17 -> 0 | I55: =SUM(B55:H55) -> 0
A56: 9월 | I56: =SUM(B56:H56) -> 0
A57: 10월 | I57: =SUM(B57:H57) -> 0
A58: 11월 | G58: =SUM(B58:F58) -> 0
A59: 12월 | G59: =SUM(B59:F59) -> 0
B60: =SUM(B48:B59) -> 502432389 | C60: =SUM(C48:C59) -> 135400022 | D60: =SUM(D48:D59) -> 5509976 | E60: =SUM(E48:E59) -> 6429092 | F60: =SUM(F48:F59) -> -79583000 | G60: =SUM(G48:G59) -> 45849998 | H60: =SUM(H48:H59) -> 28782440 | I60: =SUM(I48:I59) -> 644820917 | J60: =SUM(J48:J59) -> -2
B62: 1) 인센티브차이내역 | F62: 2) 상품권
B63: 비용계상 | C63: 급여대장지급 | D63: 순액 | F63: 회사는 영업사원에게 영업실적에 따라 신세계상품권을 인센티브로 지급하고 있음
B64: =F48 -> -52475180 | D64: =B64+C64 -> -52475180 | F64: 이는 현물지급이여서 급여대장에는 포함되어 있지 아니함
B65: =F49 -> 30012940 | C65: =-B64 -> 52475180 | D65: =B65+C65 -> 82488120
B66: =F50 -> -37667740 | C66: =-B65 -> -30012940 | D66: =B66+C66 -> -67680680
B67: =F51 -> 24676800 | C67: =-B66 -> 37667740 | D67: =B67+C67 -> 62344540
B68: =F52 -> 19335000 | C68: =-B67 -> -24676800 | D68: =B68+C68 -> -5341800
B69: =F53 -> -63464820 | C69: =-B68 -> -19335000 | D69: =B69+C69 -> -82799820
B70: 예를들어 1월 인센티브는 장부상 1월에 지급되나 지급은 익월에 되어 급여대장은 한 달 늦게 반영
B72: 1월 인센티브의 경우 1월 게상 금액 중 20,950,000원은 1월에 지급되었음

Sheet 5400_퇴충주석
A2: =기본사항!C8 -> 주식회사 경남제약 | G2: 조서No. 5401
A3: 퇴직급여부채 및 급여
A4: 주석
A7: (2) 당반기말과 전반기말 현재 순확정급여부채(자산) 금액은 다음과 같습니다.
A9: (단위: 원)
A10: 구 분 | B10: 당반기말 | C10: 전기말
A11: 확정급여채무 현재가치 | B11: 7904765430 | C11: 8313925404
A12: 사외적립자산 공정가치(*1) | B12: -7816091401 | C12: -8069130596
A13: 순확정급여부채(자산) | B13: =SUM(B11:B12) -> 88674029 | C13: =SUM(C11:C12) -> 244794808
B14: =B13='5400_퇴직급여부채'!H17 -> TRUE
A16: (3) 당반기와 전반기 중 순확정급여부채(자산)의 변동내역은 다음과 같습니다.
A17: ① 당반기
A18: (단위: 원)
A19: 구 분 | C19: 확정급여채무 현재가치 | D19: 사외적립자산 | E19: 합계
A20: 기초 확정급여채무의 현재가치 | C20: 8313925404 | D20: -8069130596 | E20: =C20+D20 -> 244794808 | F20: =C20+D20=E20 -> TRUE
A21: 당기근무원가 | C21: 518755681 | D21: 0 | E21: =C21+D21 -> 518755681 | F21: =C21+D21=E21 -> TRUE
A22: 과거근무원가 | C22: 0 | D22: 0 | E22: =C22+D22 -> 0 | F22: =C22+D22=E22 -> TRUE
A23: 이자비용(이자수익) | C23: 165372434 | D23: -170137035 | E23: =C23+D23 -> -4764601 | F23: =C23+D23=E23 -> TRUE
A24: 소계 | C24: =SUM(C20:C23) -> 8998053519 | D24: =SUM(D20:D23) -> -8239267631 | E24: =C24+D24 -> 758785888 | F24: =C24+D24=E24 -> TRUE
A25: 사용자기여금 | D25: 0 | E25: =C25+D25 -> 0 | F25: =C25+D25=E25 -> TRUE
A26: 퇴직금의 지급 | C26: -707565318 | D26: 345696997 | E26: =C26+D26 -> -361868321 | F26: =C26+D26=E26 -> TRUE
A27: 관계사전출입 | E27: =C27+D27 -> 0 | F27: =C27+D27=E27 -> TRUE
A28: 확정급여채무의 재측정요소 | B28: 인구통계적가정의 변동에 의한 보험수리적 손실(이익) | C28: 0 | D28: 0 | E28: =C28+D28 -> 0 | F28: =C28+D28=E28 -> TRUE
B29: 재무적가정의 변동에 의한 보험수리적 손실(이익) | C29: -403752520 | D29: 0 | E29: =C29+D29 -> -403752520 | F29: =C29+D29=E29 -> TRUE
B30: 가정과 실제의 차이에 의한 보험수리적 손실(이익) | C30: 18029749 | D30: 0 | E30: =C30+D30 -> 18029749 | F30: =C30+D30=E30 -> TRUE
B31: 사외적립자산의 재측정요소 | C31: 0 | D31: 77479233 | E31: =C31+D31 -> 77479233 | F31: =C31+D31=E31 -> TRUE
B32: 소계 | C32: =SUM(C28:C31) -> -385722771 | D32: =SUM(D28:D31) -> 77479233 | E32: =SUM(E28:E31) -> -308243538 | F32: =C32+D32=E32 -> TRUE
A33: 당반기말 | C33: =C24+C25+C26+C27+C32 -> 7904765430 | D33: =D24+D25+D26+D27+D32 -> -7816091401 | E33: =E24+E25+E26+E27+E32 -> 88674029 | F33: =C33+D33=E33 -> TRUE
C34: =C33='5400_퇴직급여_분석적검토'!I32 -> TRUE | D34: =-D33='5400_퇴직급여_분석적검토'!J32 -> TRUE
A36: (4) 당반기말 및 전기말 현재 사외적립자산의 공정가치 구성요소는 다음과 같습니다.
A38: (단위: 원)
A39: 구 분 | B39: 당반기말 | C39: 전기말
A40: 예금상품 | B40: 7816091401 | C40: 8069130596
E41: `
A42: (5) 당반기와 전반기 중 기타장기종업원급여의 변동내역은 다음과 같습니다.
A44: (단위: 원)
A45: 구 분 | B45: 당반기 | C45: 전반기
A46: 기초 | B46: 110691427 | C46: 247114203
A47: 설정 | B47: -6429092 | C47: 23527403
A48: 지급 | B48: 0 | C48: 0
A49: 반기말 | B49: =SUM(B46:B48) -> 104262335 | C49: 270641606
B52: -2557456 | C52: 2026_1Q 기타장기종업원급여
B53: -3871636 | C53: 2026_2Q 기타장기종업원급여
B54: =SUM(B52:B53) -> -6429092
B55: =B54=B47 -> TRUE

Sheet 5600_기타비유동부채
A2: =기본사항!C8 -> 주식회사 경남제약 | G2: 조서No. 5601
A3: 기타의 비유동부채
A4: LEAD SCHEDULE
A5: 작성자 | C5: =기본사항!C11 -> 이병하 | E5: 검토자 | G5: =기본사항!C13 -> 이광우
A6: 작성일 | C6: =기본사항!C12 -> 46227 | E6: 검토일 | G6: =기본사항!C14 -> 46227
A7: 결산일 | C7: =기본사항!C10 -> 46203
B10: 전 기 | E10: =기본사항!C10 -> 46203 | I10: 비 고
A11: ACCOUNT | B11: 전기잔액 | C11: INCREASE | D11: DECREASE | E11: PER BOOK | F11: AJE | G11: RES | H11: FINAL | I11: Refer | J11: NOTE
A12: 장기미지급비용 | B12: 110691427 | C12: =IFERROR(_xlfn.XLOOKUP(A12,데이터개요_계정별!$A$2:$A$400,데이터개요_계정별!$G$2:$G$400,,0,),0) -> -6429092 | D12: =IFERROR(_xlfn.XLOOKUP(A12,데이터개요_계정별!$A$2:$A$400,데이터개요_계정별!$C$2:$C$400,,0,),0) -> 0 | E12: =B12+C12-D12 -> 104262335 | H12: =E12+F12+G12 -> 104262335 | I12: F610
A13: 수입보증금 | B13: 1000000 | C13: =IFERROR(_xlfn.XLOOKUP(A13,데이터개요_계정별!$A$2:$A$400,데이터개요_계정별!$G$2:$G$400,,0,),0) -> 0 | D13: =IFERROR(_xlfn.XLOOKUP(A13,데이터개요_계정별!$A$2:$A$400,데이터개요_계정별!$C$2:$C$400,,0,),0) -> 0 | E13: =B13+C13-D13 -> 1000000 | H13: =E13+F13+G13 -> 1000000 | I13: F620
A14: 임대보증금(비유동) | B14: 0 | C14: =IFERROR(_xlfn.XLOOKUP(A14,데이터개요_계정별!$A$2:$A$400,데이터개요_계정별!$G$2:$G$400,,0,),0) -> 160000000 | D14: =IFERROR(_xlfn.XLOOKUP(A14,데이터개요_계정별!$A$2:$A$400,데이터개요_계정별!$C$2:$C$400,,0,),0) -> 0 | E14: =B14+C14-D14 -> 160000000 | H14: =E14+F14+G14 -> 160000000 | I14: F630
I15: F640
I16: F650
A18: 합 계 | B18: =SUM(B12:B16) -> 111691427 | C18: =SUM(C12:C16) -> 153570908 | D18: =SUM(D12:D16) -> 0 | E18: =SUM(E12:E16) -> 265262335 | F18: =SUM(F12:F16) -> 0 | G18: =SUM(G12:G16) -> 0 | H18: =SUM(H12:H16) -> 265262335
A20: ▶ 증감분석
A21: ACCOUNT | B21: 증감금액 | C21: 증감비율 | D21: 비 고
A22: 장기미지급비용 | B22: =E12-B12 -> -6429092 | C22: =B22/B12 -> -0.05808121
A23: 수입보증금 | B23: =E13-B13 -> 0 | C23: =B23/B13 -> 0
A24: 임대보증금(비유동) | B24: =E14-B14 -> 160000000 | C24: =B24/B14 -> #DIV/0!
A29: ▶ 감사절차 (Audit Procedures)
A30: No. | B30: 감사절차 | E30: 경영진 주장 | G30: 수행여부 | H30: 조서번호 | I30: 비 고
A31: 1 | B31: [총괄표 작성 및 전기 대비 검토] 당기말 잔액을 총계정원장과, 전기말 잔액은 전기감사보고서와 대조하고 양연도간 유의적 변동원인을 파악한다. | E31: E, C, CL
A32: 2 | B32: [명세서 검증] 기타비유동부채 명세서를 입수하여 계산검증하고 잔액이 보조부와 일치하는지 확인한다. | E32: C, A
A33: 3 | B33: [완전성 확인] 회사와 사업에 대한 지식, 전년도 감사결과, 타 테스트 증거 등을 통해 기타비유동부채의 완전성을 검토한다. | E33: C
A34: 4 | B34: [외부조회 수행] 주요 거래처에 대한 채무가 중요할 경우 외부 확인을 수행한다. | E34: A, E, C, RO
A35: 5 | B35: [기간 계산 검증] 기간 계산에 의해 인식되는 계정(예: 장기선수수익 등)에 대해 기간 계산 내용을 검증한다. | E35: C, CO
A36: 6 | B36: [현재가치 평가 적정성] 현재가치 평가 대상 부채의 할인율·할인차금 계산 적정성을 검증하고 관련 손익계정 반영 여부를 확인한다. | E36: V, A
A37: 7 | B37: [외화표시 부채 환산 검토] 외화표시 비유동부채의 기말 환율 적용 및 외화환산손익 계상 적정성을 검토한다. | E37: V
A38: 8 | B38: [특수관계자 거래 검토] 특수관계자와의 거래 금액·조건 적정성을 확인한다. | E38: E, CL
A39: 9 | B39: [재무제표 공시사항 검토] 공시사항 점검표에 따라 주석 기재 충분성을 확인한다. | E39: C, CL, U, P
A41: ▶ 감사결론
A46: ※ 본 감사조서는 「주식회사 등의 외부감사에 관한 법률」에 따라 작성되었습니다.

Sheet 4750_리스
A2: =기본사항!C8 -> 주식회사 경남제약 | G2: 조서No. 4751
A3: 리스 (사용권자산·리스부채)
A4: LEAD SCHEDULE
A5: 작성자 | C5: =기본사항!C11 -> 이병하 | E5: 검토자 | G5: =기본사항!C13 -> 이광우
A6: 작성일 | C6: =기본사항!C12 -> 46227 | E6: 검토일 | G6: =기본사항!C14 -> 46227
A7: 결산일 | C7: =기본사항!C10 -> 46203
E10: =기본사항!C10 -> 46203 | I10: 비 고
A11: ACCOUNT | B11: 전기잔액 | C11: INCREASE | D11: DECREASE | E11: PER BOOK | F11: AJE | G11: RES | H11: FINAL | I11: Refer | J11: NOTE
A12: 단기리스부채 | B12: 228627129 | C12: =IFERROR(_xlfn.XLOOKUP(A12,데이터개요_계정별!$A$2:$A$300,데이터개요_계정별!$G$2:$G$300,,0,),0) -> 176989122 | D12: =IFERROR(_xlfn.XLOOKUP(A12,데이터개요_계정별!$A$2:$A$300,데이터개요_계정별!$C$2:$C$300,,0,),0) -> 140445699 | E12: =B12+C12-D12 -> 265170552 | H12: =E12+F12+G12 -> 265170552 | I12: D120
A13: 장기리스부채 | B13: 382698597 | C13: =IFERROR(_xlfn.XLOOKUP(A13,데이터개요_계정별!$A$2:$A$300,데이터개요_계정별!$G$2:$G$300,,0,),0) -> 92350868 | D13: =IFERROR(_xlfn.XLOOKUP(A13,데이터개요_계정별!$A$2:$A$300,데이터개요_계정별!$C$2:$C$300,,0,),0) -> 0 | E13: =B13+C13-D13 -> 475049465 | H13: =E13+F13+G13 -> 475049465 | I13: D130
A15: 합 계 | B15: =SUM(B12:B13) -> 611325726 | C15: =SUM(C12:C13) -> 269339990 | D15: =SUM(D12:D13) -> 140445699 | E15: =SUM(E12:E13) -> 740220017 | F15: =SUM(F12:F13) -> 0 | G15: =SUM(G12:G13) -> 0 | H15: =SUM(H12:H13) -> 740220017
A17: ▶ 증감분석
A18: ACCOUNT | B18: 증감금액 | C18: 증감비율 | D18: 비 고
A19: 단기리스부채 | B19: =E12-B12 -> 36543423 | C19: =IFERROR(B19/B12,0) -> 0.15983852
A20: 장기리스부채 | B20: =E13-B13 -> 92350868 | C20: =IFERROR(B20/B13,0) -> 0.24131489
A23: ▶ 감사절차 (Audit Procedures)
A24: No. | B24: 감사절차 | E24: 경영진 주장 | G24: 수행여부 | H24: 조서번호 | I24: 비 고
A25: 1 | B25: [총괄표 작성 및 증감표 입수] 당기말 잔액을 총계정원장과, 전기말 잔액은 전기감사보고서와 대조한다. 계약의 리스 해당 여부 판단 프로세스를 이해하고 새로운 리스계약 명세서를 입수하여 계산검증 후 보조부와 대조한다. | E25: E, C
A26: 2 | B26: [리스 식별 및 최초 인식·측정 검토] 리스기간(해지불능기간, 연장·종료선택권), 사용권자산 인식금액, 리스부채(고정·변동리스료, 잔존가치보증, 매수선택권) 및 할인율(내재이자율·증분차입이자율) 적정성을 검토한다. 여러 구성요소의 식별 및 대가 배분의 합리성을 확인한다. | E26: E, C, V
A27: 3 | B27: [후속측정 — 리스부채 증감 검토] 기중 리스부채 이자 인식의 적정성, 당기 리스료가 근거문서와 일치하는지 확인한다. 리스변경·재측정 발생 여부를 식별하고 관련 회계처리가 적정한지 검토한다. | E27: A, V
A28: 4 | B28: [사용권자산 감가상각 및 손상 검토] 사용권자산 감가상각은 유형자산·무형자산 절차지시서에 준하여 수행한다. 손상징후 검토 및 회수가능액 산정의 적정성을 확인한다. | E28: V, A
A29: 5 | B29: [재무제표 공시사항 검토] 공시사항 점검표에 따라 리스 관련 공시(사용권자산, 리스부채, 단기리스·소액자산리스 비용 등) 충분성을 확인한다. | E29: C, CL, U, P
A31: ▶ 감사결론
A36: ※ 본 감사조서는 「주식회사 등의 외부감사에 관한 법률」에 따라 작성되었습니다.

Sheet 4750_리스_주석
A3: (1) 당반기와 전반기 중 사용권자산의 변동내역은 다음과 같습니다.
A5: (단위: 원)
A6: 구분 | B6: 당반기 | C6: 전반기
A7: 기초 | B7: 596905976 | C7: 190680381 | D7: ='4700_유형자산'!B20+'4700_유형자산'!B32+'4700_유형자산'!B41-B7 -> -3
A8: 취득 | B8: 305056685 | C8: 589533236 | D8: ='4700_유형자산'!C20=B8 -> TRUE
A9: 처분 | B9: -2158014 | C9: 0
A10: 감가상각비 | B10: -146939848 | C10: -125624466 | D10: ='4700_유형자산'!C32-B10 -> 2
A11: 기타 | B11: =B36+B43 -> 0 | C11: 0
A12: 반기말 | B12: =SUM(B7:B11) -> 752864799 | C12: 654589151
B13: =B12='4700_유형자산'!H20+'4700_유형자산'!H32+'4700_유형자산'!H41 -> TRUE
A14: (*1) 사용권자산은 재무상태표상 유형자산에 포함되어 있습니다.
A17: (2) 당반기말 및 전기말 현재 리스부채의 내역은 다음과 같습니다.
A19: (단위: 원)
A20: 구분 | B20: 당반기말 | C20: 전기말
A21: 할인전 리스부채 | B21: 806427020 | C21: 666943000
A22: 할인후 리스부채 | B22: 740220017 | C22: 611325726 | D22: =B23+B24=B22 -> TRUE | E22: =C23+C24=C22 -> TRUE
A23: 유동 | B23: 265170552 | C23: 228627129 | D23: =B23='4750_리스'!H12 -> TRUE | E23: =C23='4750_리스'!B12 -> TRUE
A24: 비유동 | B24: 475049465 | C24: 382698597 | D24: =B24='4750_리스'!H13 -> TRUE | E24: =C24='4750_리스'!B13 -> TRUE
